t_s,roll_deg,pitch_deg,acc_roll_deg,acc_pitch_deg,gyroX_dps,gyroY_dps,accX_g,accY_g,accZ_g
0.100,0.4153485258639562,1.0754181940169736,0.9456599122854924,2.2618437038874624,-0.06330084800720215,-0.2775411605834961,-0.0398392453789711,0.016660060733556747,1.008523941040039
0.307,0.4249668462779358,1.0954260592517624,1.0004165933245401,2.1645019973800173,-0.048033714294433594,-0.04089999198913574,-0.03814096003770828,0.017631763592362404,1.008981704711914
0.307,0.4337460139193558,1.1192167820696803,0.686699298539732,2.1750266669796825,0.08173727989196777,0.05070304870605469,-0.03814096003770828,0.012044466100633144,1.0041757822036743
0.307,0.4404117983016122,1.1299952474667836,0.6229045113349359,2.3758123711411754,0.06647014617919922,-0.3309762477874756,-0.041294921189546585,0.010829836130142212,0.9952505230903625
0.307,0.4507543322110247,1.1761118309690635,1.1278953891882146,2.365899031068501,-0.0785679817199707,0.4934511184692383,-0.041052307933568954,0.019575171172618866,0.9934197068214417
0.307,0.4637802500101795,1.1794219113955808,1.0241312207054547,2.241342381289628,0.03593587875366211,-0.4149458408355713,-0.039111409336328506,0.017874689772725105,0.9991410374641418
0.534,0.47076107686790275,1.1824954965220866,0.9666264850152684,2.001104254039799,-0.07093429565429688,-0.3080756664276123,-0.03498700261116028,0.0169029850512743,1.0012006759643555
0.534,0.47821644179038325,1.1970379297603957,1.0635429951346762,2.0976119268766693,-0.10146880149841309,-0.08670163154602051,-0.036685287952423096,0.01860346831381321,1.001429557800293
0.534,0.4739063789806936,1.2233249799982477,0.6151447501099271,1.987654720867167,-0.1625373363494873,0.24154281616210938,-0.03498700261116028,0.010829836130142212,1.0080662965774536
0.534,0.47860512224283924,1.246246881409399,0.8129922822561341,2.193279665705584,-0.048033714294433594,0.0812373161315918,-0.03838357329368591,0.014230799861252308,1.002116084098816
0.534,0.4908014922229548,1.274361647580464,0.9774014601231359,2.3268805101686385,0.051203012466430664,0.14993977546691895,-0.040809694677591324,0.017145911231637,1.0041757822036743
0.644,0.49879462782086803,1.3012955380770572,0.8125371164335946,1.9979936350979497,0.03593587875366211,0.28734421730041504,-0.03498700261116028,0.014230799861252308,1.0028026103973389
0.644,0.5026627026860638,1.3280762829258541,0.6142788435626518,2.3979870280685676,0.03593587875366211,0.11177182197570801,-0.04226537048816681,0.010829836130142212,1.0092105865478516
0.754,0.512076304187928,1.3421872403076889,0.8954232253802334,2.2050695311121786,0.03593587875366211,-0.07906794548034668,-0.038626186549663544,0.015688356012105942,1.0030314922332764
0.754,0.5214518060408284,1.3654999566054118,0.8532766602155846,2.480641590484127,0.05883669853210449,0.01253509521484375,-0.043478429317474365,0.014959577471017838,1.0034892559051514
0.755,0.5246312057386164,1.3954050861126663,0.9666441377622762,2.32046565766355,-0.1320030689239502,0.2491762638092041,-0.04056708514690399,0.0169029850512743,1.000971794128418
0.864,0.5329948257381499,1.4077652739111564,0.8979960190234378,2.3503827149301832,0.020668745040893555,-0.15540385246276855,-0.041052307933568954,0.015688356012105942,1.0000563859939575
0.865,0.5450356488320891,1.409721162613013,0.8915969771692668,2.140453518431511,0.11227178573608398,-0.29280829429626465,-0.03765573725104332,0.015688356012105942,1.0073797702789307
0.975,0.5443272835099647,1.4119018072272453,0.7296320020797737,2.0543427490303396,-0.10146880149841309,-0.24700689315795898,-0.0359574519097805,0.012773243710398674,1.0023449659347534
0.975,0.5626088717928857,1.430781197145101,1.231526935764487,2.461105601804165,0.10463809967041016,-0.04853367805480957,-0.0429932065308094,0.021518580615520477,1.0000563859939575
0.975,0.5708661436126079,1.4507988807768217,0.798239244718205,2.4541435741025754,0.08173727989196777,-0.010365724563598633,-0.0429932065308094,0.013987873680889606,1.0030314922332764
1.084,0.5775671995186251,1.463670692432828,1.0762739254698652,1.984451838802914,-0.0785679817199707,0.05070304870605469,-0.034744393080472946,0.01884639449417591,1.002573847770691
1.084,0.5913740000389828,1.4824075021517598,1.024468191114852,2.4229862985246933,0.11227178573608398,-0.010365724563598633,-0.04226537048816681,0.017874689772725105,0.9986833333969116
1.194,0.5944606585744467,1.5034648686412033,0.8002031617144073,2.2101613841682513,-0.02513289451599121,0.14993977546691895,-0.038626186549663544,0.013987873680889606,1.00074303150177
1.194,0.6432708979306504,1.5112140384197001,1.3018616732025994,2.0789196837015047,0.7992947101593018,-0.08670163154602051,-0.036685287952423096,0.022976135835051537,1.0103548765182495
1.194,0.6526264961854225,1.5415239633569837,0.9007148213699528,2.287802338834207,0.09700465202331543,0.34077930450439453,-0.0398392453789711,0.015688356012105942,0.9970813393592834
1.305,0.6498302807722427,1.527972120991738,0.5342063344751544,-0.7853416868009815,-0.009865760803222656,0.7606267929077148,0.013778043910861015,0.009372279979288578,1.0050911903381348
1.305,0.4909784368111405,1.6184425655819055,1.385272675516841,6.272598084156523,-4.002232074737549,-0.10196876525878906,-0.11262290179729462,0.024919543415308,1.0243148803710938
1.417,-0.539528968896325,2.253423908376835,2.979299421649022,-0.5414144343564788,-24.910629272460938,15.63848876953125,0.009653637185692787,0.05309896171092987,1.020195484161377
1.417,-1.649046508818617,5.057545905851111,-1.4223934604592892,3.843279064446755,-25.177804946899414,63.928565979003906,-0.06652658432722092,-0.024637360125780106,0.9899868965148926
1.417,-2.4958951970254644,9.091412940978328,-0.7861882372853156,8.498173457800375,-19.92589569091797,91.43238067626953,-0.15022778511047363,-0.01394861564040184,1.0053200721740723
1.527,-3.479735495311376,13.244769012993043,-7.391185342826126,6.295933429564535,-20.429712295532227,97.06597137451172,-0.11626208573579788,-0.1363833099603653,1.0449116230010986
1.527,-3.7935233504050476,17.035506073103548,0.10212418444343378,17.687602810537467,-8.887727737426758,85.36367797851562,-0.2725043296813965,0.001598648144863546,0.854505717754364
1.638,-5.415087952767884,22.690106988835797,-6.890919259417531,18.306470548301913,-35.96406555175781,129.80642700195312,-0.34941238164901733,-0.13346821069717407,1.04765784740448
1.638,-5.698679114654105,26.57241554137502,-5.173102299050044,24.842502773142964,-6.651087284088135,88.5316162109375,-0.41588813066482544,-0.0892556756734848,0.8938685059547424
1.638,-6.737551314299868,30.83281263051488,-7.617620911905773,28.57810731325804,-23.070934295654297,97.31787872314453,-0.4702332317829132,-0.13031016290187836,0.8533614277839661
1.748,-6.887791570378053,33.97237396930836,-7.4584475933089935,30.656498280894652,-3.1320033073425293,72.47817993164062,-0.520453929901123,-0.13249650597572327,0.8680080771446228
1.748,-7.173813425835154,36.99766282819294,-7.214207930917508,38.07980262290855,-6.444980144500732,67.86749267578125,-0.577953040599823,-0.11767801642417908,0.7281787395477295
1.859,-7.0278744813867835,40.957208867413954,-9.4555678966876,37.03676326103487,4.4176154136657715,91.28734588623047,-0.5971193909645081,-0.16286225616931915,0.7744070887565613
1.859,-6.9589480542644235,43.745971690435574,-4.735311036206145,48.58483427423779,0.5321190357208252,60.791160583496094,-0.7909665107727051,-0.08706934005022049,0.6922487616539001
1.859,-6.845794444718938,47.41949331287855,-10.63192859612272,32.227091380299726,4.303111553192139,90.0201644897461,-0.6238067150115967,-0.21582011878490448,0.9657284617424011
1.967,-6.756348421782566,50.89386710969146,-4.718955872208271,54.37095979445755,1.0817373991012573,76.91329956054688,-0.8050380349159241,-0.08148203790187836,0.5711854100227356
1.967,-6.777060543553807,55.30911654014656,-9.723722648711124,54.761230621381266,0.8908977508544922,100.02780151367188,-0.7429292798042297,-0.1536310613155365,0.5018429160118103
2.078,-6.624970159984194,57.68526422031313,-5.093138425128577,60.330538963374316,2.7305922508239746,52.47818374633789,-0.8807330131530762,-0.0899844542145729,0.4936041831970215
2.078,-6.786431989981887,59.609246547235685,-5.7386209863463655,57.558535813554286,-4.132003307342529,44.424747467041016,-0.8538030385971069,-0.10115904361009598,0.5331957936286926
2.078,-6.814604812760898,61.234162211160054,-5.525367839582919,60.766363718829766,-1.2312397956848145,36.93619918823242,-0.8683598041534424,-0.09581467509269714,0.4764401912689209
2.188,-6.86012759669221,62.71996741225878,-5.758965834114136,60.55046036456833,-1.536583423614502,34.57741928100586,-0.8926210403442383,-0.10285952687263489,0.49337533116340637
2.188,-7.039407682687173,64.1246436263961,-5.3913682270238485,61.685553425551845,-4.811392307281494,32.867496490478516,-0.8909227252006531,-0.09508589655160904,0.4704900085926056
2.297,-7.115058431047411,64.91697289087425,-5.189582979595592,65.21489655199318,-2.597651958465576,17.768260955810547,-0.9227049350738525,-0.09192785620689392,0.416022926568985
2.297,-7.096458545276997,65.34246635540937,-4.905729778711619,65.49114308417808,-0.5900182723999023,9.546886444091797,-0.921249270439148,-0.08658348768949509,0.4109881520271301
2.404,-7.209113551013072,65.51305032993044,-4.597582393348985,66.09844166644079,-3.75032377243042,3.5850541591644287,-0.9265866875648499,-0.08123911172151566,0.4025205969810486
2.404,-7.14066481024579,66.11787041112423,-5.420437646407965,64.2783725774488,0.753493070602417,14.516351699829102,-0.8998993635177612,-0.09435711801052094,0.42311736941337585
2.404,-7.140374954092887,66.29414393322392,-4.224761225317048,66.86015149968698,-1.3381099700927734,3.722458839416504,-0.9321668148040771,-0.07468011230230331,0.3913067877292633
2.512,-7.199062927649399,66.26402279898417,-5.418882703718205,65.09198469939558,-2.1472702026367188,-0.14013671875,-0.9248884320259094,-0.09630052745342255,0.4185403287410736
2.512,-7.1766966194385455,66.19243558629326,-4.834480899218223,66.11658943843855,-0.5747511386871338,-1.5828845500946045,-0.9156691431999207,-0.08439715206623077,0.3965704143047333
2.621,-7.177044959086216,66.00696179938157,-5.368614899277875,64.20729711478893,-0.8419268131256104,-3.3615105152130127,-0.9173674583435059,-0.09532882273197174,0.43295806646347046
2.621,-7.1813428556214465,66.0335107446854,-5.218784293694372,65.32091503012339,-1.0022320747375488,0.9285657405853271,-0.9159117937088013,-0.09168493002653122,0.410759299993515
2.621,-7.113020473353809,66.10331527800294,-5.216954335335456,65.37537604442497,0.6695237159729004,1.913298487663269,-0.9239180088043213,-0.09241370856761932,0.41327670216560364
2.737,-7.057778757120392,65.85323473173209,-5.090920503750843,65.78753762378689,0.3412792682647705,-5.6210527420043945,-0.9173674583435059,-0.0892556756734848,0.4027494490146637
2.737,-7.153418907860319,65.43920915481343,-5.131438387913313,64.40783320132674,-3.0938353538513184,-8.880595207214355,-0.912272572517395,-0.09047029912471771,0.4274655878543854
2.849,-7.145363980394758,65.18940864629855,-4.991323115975829,65.13730491345584,-0.8113923072814941,-5.6210527420043945,-0.9231901168823242,-0.0885268971323967,0.4185403287410736
2.850,-7.224365363429711,64.1113179273254,-5.164984368153304,65.58083871171185,-2.7350564002990723,-25.0408992767334,-0.9248884320259094,-0.09144200384616852,0.40984389185905457
2.850,-7.534247630978604,61.38893429775254,-5.384215857980841,65.47485549685622,-7.994598865509033,-63.407310485839844,-0.9360485672950745,-0.09654345363378525,0.416022926568985
2.960,-9.057894641400138,55.262473178304546,-6.464073982316347,59.957887185317055,-35.62818908691406,-140.61341857910156,-0.975836992263794,-0.12690919637680054,0.549902081489563
2.960,-9.361532408500347,48.447187481060766,-8.874769606247899,46.94899518974757,-7.086201190948486,-153.32333374023438,-0.8001857995986938,-0.1689354032278061,0.7281787395477295
3.070,-9.171661687310454,39.57434144729649,-4.646748933456776,46.09437619416313,2.2038748264312744,-203.51417541503906,-0.8089197874069214,-0.09095615148544312,0.7732627987861633
3.070,-9.059153957528359,30.351810218595073,-4.600793253739547,39.440693006851056,0.48631763458251953,-212.60577392578125,-0.720366358757019,-0.09095615148544312,0.8709831833839417
3.070,-8.410283425056209,21.79462308487023,-5.509727054025139,28.683615907088907,13.326011657714844,-196.5599822998047,-0.4741150438785553,-0.09484297037124634,0.8613713383674622
3.182,-8.168567299197688,13.313094810355265,-4.645198085632069,20.37685173755813,3.8374624252319336,-194.9263916015625,-0.3545072376728058,-0.08245374262332916,0.9508529901504517
3.183,-9.709898523154031,4.185248786570442,-10.13431506490399,9.472224763489319,-34.63582229614258,-208.712646484375,-0.1545948088169098,-0.16529150307178497,0.911719024181366
3.183,-9.174461211096514,-2.8882381249805102,-3.143071321210123,5.025411122380084,9.318378448486328,-163.4989013671875,-0.08011286705732346,-0.050144586712121964,0.9096593260765076
3.294,-8.868018797568368,-9.412026289486958,-1.8089929466213375,-10.166306528198438,3.6695237159729004,-147.0790557861328,0.15133914351463318,-0.02706662006676197,0.8435207605361938
3.294,-8.568848827958993,-16.10112594936205,-4.431454494194872,-10.480256934067386,4.852729797363281,-153.75845336914062,0.17923954129219055,-0.07613766938447952,0.9659572839736938
3.404,-8.592369438139578,-22.04710102753975,-4.923480070272916,-15.74116063750144,-2.2236061096191406,-137.2775421142578,0.2583311200141907,-0.08172496408224106,0.9128633141517639
3.404,-8.344144142002037,-28.27842945640954,-8.027385976880694,-27.298176293538575,5.463417053222656,-141.2698974609375,0.4606696665287018,-0.14027012884616852,0.8815103769302368
3.405,-8.267228527984877,-33.42099328818074,-5.304547504717478,-28.89594861375902,0.3718137741088867,-118.30044555664062,0.43859195709228516,-0.08391129970550537,0.7901979684829712
3.516,-8.008583778268479,-38.86357830188662,-8.571682653333548,-36.14554164086275,6.10463809967041,-124.24700927734375,0.6127875447273254,-0.1548456847667694,0.8245259523391724
3.516,-7.85344286146081,-43.87630194508317,-7.744881585156625,-45.01674123978733,3.4557831287384033,-112.75082397460938,0.6724701523780823,-0.12812383472919464,0.6597515940666199
3.623,-7.939989042207688,-48.74922186125331,-9.726304077937217,-42.70279205289531,-1.1320033073425293,-112.9111328125,0.7035244703292847,-0.17525146901607513,0.741909921169281
3.623,-8.039943738068947,-53.45347367096458,-10.234931650986324,-47.445787185469165,-1.246506690979004,-109.07907104492188,0.7205073237419128,-0.17379391193389893,0.6382394433021545
3.731,-7.666130899888734,-56.92422746751738,-9.868839733862114,-52.263318297002726,9.463417053222656,-80.5828857421875,0.8063920736312866,-0.17476561665534973,0.5991055369377136
3.731,-7.459127502939511,-61.3790578442127,-10.105754533675372,-55.96083522564668,5.898530960083008,-103.17066955566406,0.8597667217254639,-0.18205340206623077,0.5515040159225464
3.731,-6.933955111430877,-64.84818605574306,-11.518057052781877,-59.83035234872441,13.982500076293945,-80.71265411376953,0.8755365014076233,-0.2022162675857544,0.4670571982860565
3.839,-6.468664269036214,-67.85392691322305,-11.32341524415757,-61.7890699608321,12.75349235534668,-70.72029113769531,0.9031943082809448,-0.2012445628643036,0.44073909521102905
3.839,-6.211292495826378,-70.82378195680381,-11.305757773890639,-67.07557573449618,8.165706634521484,-68.8424301147461,0.8997977375984192,-0.19152751564979553,0.3288298547267914
3.951,-6.24269941317739,-73.30513504075608,-12.328481277145858,-64.54219432468004,2.0970044136047363,-60.11723709106445,0.9259998798370361,-0.218978151679039,0.38261035084724426
3.952,-6.28447583834895,-75.59285909192766,-11.488095277817376,-66.42627613526909,1.4557831287384033,-55.92639923095703,0.8847557902336121,-0.19225630164146423,0.3347800374031067
3.952,-5.933867287213386,-77.99946941579249,-12.716911655457253,-69.95486222762571,11.051202774047852,-58.094337463378906,0.9572968482971191,-0.22432252764701843,0.26772603392601013
4.063,-5.861369098041932,-79.60013790816332,-11.407479151070135,-74.14377884674056,4.19624137878418,-38.689754486083984,0.9563263654708862,-0.19662895798683167,0.18739856779575348
4.064,-6.103219266362913,-82.24562726806016,-13.595902101589786,-72.1707497542968,-2.0098657608032227,-64.43021392822266,1.004848837852478,-0.24812927842140198,0.2070799469947815
4.174,-6.332309787540664,-83.66564408707332,-10.981795332729465,-77.64802533113797,-3.032766342163086,-34.86532974243164,0.932307779788971,-0.18181048333644867,0.0928821861743927
4.174,-6.577328309862886,-84.89545379807997,-13.21560020699901,-76.21161301159081,-2.4755144119262695,-31.7966251373291,0.9364321827888489,-0.2204357087612152,0.06496209651231766
4.174,-7.264506385181876,-86.44958138144632,-14.945498505962425,-73.51558561785546,-11.98696517944336,-41.08670425415039,0.9677291512489319,-0.26027557253837585,0.11942916363477707
4.287,-8.429160360374832,-87.56340765015699,-11.879553760539864,-77.10096823158362,-24.7274227142334,-29.99509620666504,0.9218754172325134,-0.19468554854393005,0.08166837692260742
4.287,-8.4313084548688,-87.53386025180751,-12.835216948957415,-76.48026132802946,1.9825007915496826,-4.43021297454834,0.9956295490264893,-0.22748056054115295,0.07457392662763596
4.399,-9.494412031255653,-87.80273064848507,-10.867797101762239,-78.5773173647219,-23.391544342041016,-10.330976486206055,0.9691848158836365,-0.1864260733127594,0.0599273219704628
4.399,-9.864823435229198,-87.59110406724139,-12.086830866931363,-77.82775010831517,-7.345743656158447,0.2797107696533203,1.056282639503479,-0.22626593708992004,0.026743603870272636
4.399,-10.732626290035999,-87.89312820215018,-12.798160478923092,-76.81601314418744,-18.658720016479492,-11.934029579162598,0.9881085753440857,-0.22480838000774384,0.05512140318751335
4.511,-11.178224416393046,-87.54919402649419,-14.568453418841301,-75.12667528146933,-8.506048202514648,2.043069362640381,0.9898068308830261,-0.25760337710380554,0.05237516388297081
4.511,-12.1367466975296,-87.57797644365662,-9.395280784342779,-79.77974232564127,-22.92589569091797,-4.247006416320801,0.89688640832901,-0.14877253770828247,0.06336011737585068
4.511,-12.012970863164277,-86.98187851403293,-11.322495234813356,-78.0595274434684,2.4786839485168457,9.356046676635742,0.9737944602966309,-0.19541433453559875,0.06496209651231766
4.623,-13.094310190861416,-87.12622773195199,-10.692466902570667,-79.0815241159982,-25.54421615600586,-6.972197532653809,0.9660308361053467,-0.18253925442695618,0.03749970346689224
4.623,-13.482398978180601,-87.27251672359532,-12.466578604863072,-77.32042962881697,-9.238872528076172,-7.895861625671387,1.016008973121643,-0.22480838000774384,0.04139021039009094
4.735,-15.46757467742459,-88.03837900503967,-10.426720228348666,-79.36205012172717,-47.18544006347656,-21.308074951171875,0.993931233882904,-0.18302510678768158,0.036813147366046906
4.735,-15.608889583804862,-88.06809032792923,-10.495263737938135,-79.50384503717636,-5.55185079574585,-4.6210527420043945,1.0351753234863281,-0.19177044928073883,0.002485161181539297
4.735,-16.216387099153305,-88.14777814497577,-9.995895249393987,-79.98050393493571,-16.5976505279541,-5.567617416381836,0.9653030037879944,-0.170150026679039,0.011639290489256382
4.848,-16.953910925731282,-87.09781414500473,-9.88721060815298,-80.0196148361376,-19.92589569091797,20.46291732788086,0.931337296962738,-0.16237640380859375,-0.02223098836839199
4.848,-17.950855582270098,-86.35690937478759,-10.685438880666979,-77.8535186786195,-25.880094528198242,12.821695327758789,0.8881523609161377,-0.1684495508670807,0.09036479890346527
4.958,-18.248308613076862,-85.08846128364618,-10.32460328667174,-79.65187944774456,-10.376277923583984,26.157573699951172,0.9885938167572021,-0.18010999262332916,0.012096996419131756
4.958,-18.798864548862202,-82.99819800137968,-10.068836033607656,-79.93043516581365,-16.467880249023438,45.821693420410156,0.9842267632484436,-0.17476561665534973,-0.0020919034723192453
4.958,-19.635311712736765,-79.70914772731672,-1.5260243004106502,-83.76079307040347,-27.254140853881836,76.19573974609375,1.019405484199524,-0.027309546247124672,-0.10805094987154007
5.070,-22.578421443075044,-75.58837165764297,-24.174811951725808,-57.30763519575128,-65.77322387695312,84.69192504882812,0.9427400827407837,-0.4587461054325104,0.3945107161998749
5.070,-22.75709577666799,-71.7619904015751,-13.420364404422712,-75.41839513635651,-8.338109970092773,88.09650421142578,1.1106277704238892,-0.2663487195968628,-0.11194145679473877
5.180,-25.242692115642136,-67.42703325990809,-24.25003693438011,-60.15264409844791,-56.62818908691406,94.60795593261719,0.837446391582489,-0.3965570628643036,0.2713876962661743
5.180,-25.685670864452483,-63.40597112192735,-15.551719213233033,-64.99756252572513,-14.673986434936523,91.53925323486328,0.7311822772026062,-0.21630597114562988,0.2636066675186157
5.180,-29.270557122036205,-58.25359060077155,-36.69536809900004,-48.26073130173894,-77.59001922607422,111.82933044433594,0.7057079672813416,-0.5651476979255676,0.27756673097610474
5.288,-32.35961945720119,-52.931466218362594,-42.08449407690533,-40.47775243244187,-65.27703857421875,114.44764709472656,0.9167805910110474,-0.9465414881706238,0.5080219507217407
5.288,-34.24686902676741,-49.718183232762584,-45.70506017452496,-32.7529202898243,-37.338111877441406,64.745361328125,0.3546481430530548,-0.46919193863868713,0.28946709632873535
5.396,-38.288264637907275,-39.939261379177346,-52.80895212830488,-28.210609048734984,-84.57474517822266,215.43238830566406,0.6239476799964905,-1.0514856576919556,0.4972658157348633
5.396,-39.670981793863,-37.78511875269829,-49.67899146029471,-23.954940279256977,-26.612918853759766,42.27207565307617,0.4929370880126953,-0.925649881362915,0.6116924285888672
5.396,-43.04485960232293,-30.73626107640758,-76.65303028355538,-4.185677943624948,-60.704524993896484,146.95147705078125,0.05429427698254585,-0.7237783670425415,0.1629112809896469
5.510,-49.42801289115835,-26.027866756964706,-59.50615804447223,-18.087625418928834,-139.59765625,102.73772430419922,0.352949857711792,-0.9795794486999512,0.45630109310150146
5.510,-51.729219735751535,-24.147884508675375,-72.42406470636085,-3.806834357710623,-42.46024703979492,33.1041374206543,0.06230047717690468,-0.8945553302764893,0.2764224708080292
5.620,-57.46501111014773,-19.724228822899285,-83.61486684839599,-2.5088732932809905,-117.55947875976562,92.02780151367188,0.04143583029508591,-0.940711259841919,0.0967726930975914
5.620,-63.57693758704194,-16.601929079685725,-59.05742755339094,-20.3367882117524,-140.20071411132812,72.27970886230469,0.4264613389968872,-1.052457332611084,0.4649975299835205
5.620,-66.62041523968627,-15.14139728606334,-89.19281978273499,0.6685468046865783,-58.36864471435547,25.714826583862305,-0.01145362202078104,-0.9815228581428528,0.007748785428702831
5.731,-72.62190438789054,-12.601555584700955,-88.74392314178027,0.04599080238068168,-128.18544006347656,51.56215286254883,-0.0007786867790855467,-0.9698624014854431,0.021251125261187553
5.732,-76.13695879140005,-10.998582757258895,-80.14011577607478,-3.4364710020643754,-77.59001922607422,32.73772430419922,0.06472659856081009,-1.0638748407363892,0.17320966720581055
5.844,-79.23640301410346,-9.184864442976089,-77.48620305433535,-8.743551790286183,-70.84955596923828,40.78352737426758,0.178026482462883,-1.143311619758606,-0.18082627654075623
5.844,-80.65090787045641,-8.541841406207116,-87.55602172829349,-0.9618770369691652,-28.78085708618164,11.035435676574707,0.018145062029361725,-1.0799078941345215,-0.04237007349729538
5.844,-83.57612762781113,-6.864200523871653,-85.78565897496377,4.139851951524084,-65.08619689941406,32.83696365356445,-0.06628397107124329,-0.9156898856163025,-0.01261915173381567
5.956,-84.11835585545094,-6.48888547096086,-84.20014545163917,-2.492350491793636,-12.215972900390625,6.638489246368408,0.04289150610566139,-0.9812799096107483,-0.08997154235839844
5.956,-83.79072534134376,-6.938911267447367,-79.5830614052857,0.560917779405439,5.463417053222656,-13.62868595123291,-0.009755337610840797,-0.9800652861595154,-0.17991086840629578
6.069,-85.61292418925478,-5.846465198386141,-78.2326984646315,-5.458814451140973,-44.5823860168457,24.508718490600586,0.10791156440973282,-1.1105166673660278,-0.20462700724601746
6.070,-85.74819608576689,-5.842527594329629,-84.55913397596214,-0.9760178271209433,-3.60528564453125,-2.1554038524627686,0.01693200133740902,-0.989539384841919,-0.09271778166294098
6.070,-87.06580104836488,-5.065999972496294,-79.25858426927559,-1.6202421038263888,-33.376277923583984,15.959099769592285,0.027121713384985924,-0.9424117803573608,-0.176706925034523
6.181,-86.70652626783304,-5.119154212164625,-78.25045887779469,-7.817110439756328,4.219141960144043,0.04306936264038086,0.14236249029636383,-1.0247637033462524,-0.15862751007080078
6.182,-87.01490247866994,-5.015593603308423,-78.18629108348425,0.13100642589838582,-11.040399551391602,-0.033266305923461914,-0.002234359737485647,-0.9565014839172363,-0.20004995167255402
6.294,-86.3209894099425,-4.812880418931615,-75.22247705020399,-5.252037502158403,10.562653541564941,4.783527374267578,0.09117132425308228,-0.9630604982376099,-0.23712418973445892
6.294,-86.39020654699141,-4.579657206419182,-77.57797661348715,-3.225907663606044,-5.6281867027282715,4.646122932434082,0.054779499769210815,-0.9506712555885315,-0.20210961997509003
6.294,-86.37100688523451,-4.351714157021993,-76.73553071041698,-2.991837973777601,-4.009865760803223,4.523985385894775,0.05138292908668518,-0.9582019448280334,-0.21996018290519714
6.406,-85.90636960656605,-4.49887229023721,-79.23900510987137,-6.258128335651187,7.425248622894287,-2.5141823291778564,0.10863940417766571,-0.979093611240387,-0.1510753631591797
6.406,-85.79596642882196,-4.355808428542592,-75.81320493550663,-0.9810994883388527,-2.109102249145508,1.6766573190689087,0.016446778550744057,-0.9312371611595154,-0.2348356544971466
6.518,-85.2347775960462,-4.480708255913207,-78.04111560804168,-5.860917359224492,9.364179611206055,-2.1859381198883057,0.103059321641922,-0.9873530864715576,-0.1819705367088318
6.518,-85.5464801090089,-4.180099677709898,-76.81543149494694,-4.903491104907009,-11.070934295654297,7.127038955688477,0.0843781903386116,-0.9611170887947083,-0.20874637365341187
6.518,-85.25523401261039,-4.197207594033488,-78.59304140299392,-2.910925595042969,3.509218215942383,-0.9798312187194824,0.050169870257377625,-0.9684048295021057,-0.18883614242076874
6.629,-85.32048280975152,-4.352412116977804,-79.44231940031223,-1.9210627021668165,-4.18543815612793,-4.62868595123291,0.03245918080210686,-0.9518858790397644,-0.1744183897972107
6.629,-85.08240290585239,-4.556057195289496,-78.0962568243576,-5.5741649509660816,2.1580731868743896,-4.132503509521484,0.09408267587423325,-0.9477561712265015,-0.1762492060661316
6.738,-83.82780643834776,-4.381818642675647,-75.71087336597677,0.07346108111144395,24.608455657958984,1.8827641010284424,-0.0012639111373573542,-0.9552868604660034,-0.24330322444438934
6.738,-81.87308142997098,-3.4598496129862957,-85.46426370118567,-2.9179192899467115,45.82982635498047,20.585054397583008,0.05065509304404259,-0.9919686913490295,-0.0602206252515316
6.738,-78.53997643576145,-4.066210115281344,-85.18058319201792,-0.5861406504472323,78.3870849609375,-15.308075904846191,0.010138860903680325,-0.9875960350036621,-0.08264824002981186
6.852,-71.33009704978768,-6.065348428736131,-84.40921061317859,-1.6248353589789677,168.9595947265625,-47.22410583496094,0.030275670811533928,-1.0626602172851562,0.09951893240213394
6.852,-62.781992360111666,-10.161444036730867,-75.70936063773458,-12.274498851140976,199.13516235351562,-91.59052276611328,0.24741357564926147,-1.127764344215393,0.14597614109516144
6.965,-53.23909793857997,-13.0110638452573,-80.175445288113,-3.341711465948959,228.08172607421875,-68.85769653320312,0.059631746262311935,-1.0080018043518066,0.16405554115772247
6.965,-45.43268007578105,-12.826499327278862,-75.05562859271292,0.9569551454061695,190.0740966796875,-2.1859381198883057,-0.01703370176255703,-0.985409677028656,0.26246240735054016
6.965,-37.09930970342106,-16.14227442401679,-53.21626327052541,-7.313690937907114,195.7534942626953,-79.00273132324219,0.12392397224903107,-0.7796513438224792,0.5695834755897522
7.077,-31.25198133987856,-17.311001753276013,-64.04741514471992,-21.29220907563079,147.2649383544922,-24.57525062561035,0.3415471017360687,-0.8457272052764893,0.22973641753196716
7.077,-26.037613436910313,-20.254787672342122,-24.699675481396348,4.930973822303998,117.21914672851562,-78.14013671875,-0.12159954756498337,-0.5911408066749573,1.2794861793518066
7.189,-16.04545649253186,-18.489376724737877,-50.12705770456743,-29.121352202555638,241.52447509765625,44.79879379272461,0.4133602976799011,-0.6518722772598267,0.3544614017009735
7.189,-10.848761704041019,-18.06721639251773,-26.671224392086327,-8.887011650741098,124.64662170410156,5.302611351013184,0.17778387665748596,-0.5165625214576721,1.0128722190856934
7.189,-4.842683095601319,-16.27845302814121,-22.552840588147824,-16.74339068922665,143.89852905273438,40.63848876953125,0.25808849930763245,-0.34359920024871826,0.7860786318778992
7.301,0.2095212021124451,-13.900670371442073,-11.844193119929708,-7.056255069433866,119.73059844970703,50.57741928100586,0.13338585197925568,-0.22286497056484222,1.0542947053909302
7.301,6.557210414549436,-12.522670314881893,-15.657138953700239,-11.268524693664867,153.69241333007812,30.56215476989746,0.21466092765331268,-0.2964715361595154,1.0357575416564941
7.301,12.98474541883795,-10.914214553083603,-2.255122791267183,-4.97200578087348,152.28021240234375,33.60795593261719,0.08583386242389679,-0.038969989866018295,0.9858675599098206
7.411,15.983662063563461,-7.788725965301293,3.772348878460223,-7.987198266084525,73.40235137939453,70.72245788574219,0.128048375248909,0.06062966585159302,0.910574734210968
7.411,18.801408794328033,-6.538749266996538,4.118374975040971,-0.5176581136034383,70.44815063476562,25.470550537109375,0.010866697877645493,0.08637982606887817,1.1996164321899414
7.524,21.775601008031746,-4.396954341876396,16.529440491268353,3.5131342328310784,69.63135528564453,44.75299072265625,-0.06313001364469528,0.29310983419418335,0.9856386780738831
7.524,23.869412573572077,-3.4990896900982533,3.4572769323587584,-3.2444707579713525,56.7305908203125,20.172842025756836,0.06351353973150253,0.06767451763153076,1.1183735132217407
7.524,25.717168281809997,-2.4790105425103697,11.637443429659738,-1.9959410993499798,48.24967575073242,22.829330444335938,0.033914852887392044,0.19642530381679535,0.9531415104866028
7.636,27.372997381917845,-1.7831577000586405,18.057302104696372,4.744096558213094,41.71532440185547,12.714824676513672,-0.08520772308111191,0.3193458616733551,0.9757980108261108
7.636,29.07017303216637,-1.091013330161111,15.939763436037497,-0.43858381187581247,44.40998077392578,15.340779304504395,0.006984903011471033,0.2505978047847748,0.8773910403251648
7.745,28.940898041745537,-1.8356893252954432,16.619556985138473,3.1436179811231173,2.761126756668091,-19.124868392944336,-0.05754993483424187,0.3001546859741211,1.0039469003677368
7.745,30.12776293834573,-1.7937261371387658,18.454959503835873,-0.36058905834359406,32.20387268066406,0.28734421730041504,0.006257066503167152,0.3147302567958832,0.9430719614028931
7.745,30.243616607047485,-2.038712429505841,23.561197554896346,4.119913935436613,5.7000579833984375,-8.376777648925781,-0.06822486966848373,0.3795914947986603,0.8677791953086853
7.855,30.504266871058928,-2.271095955637185,19.64492111127518,2.6682041391865976,10.898530960083008,-7.529449462890625,-0.048088062554597855,0.347282350063324,0.971678614616394
7.855,30.19239018827239,-2.885439241524686,23.1913196862202,0.4525140486926759,-3.819025993347168,-15.422579765319824,-0.007086603436619043,0.3533554971218109,0.8247547745704651
7.967,30.29328574269182,-3.084795814811256,21.321827844523177,0.7417733459557063,6.417614936828613,-6.2699079513549805,-0.013151907362043858,0.369388610124588,0.9462759494781494
7.967,30.2992348374589,-3.4546437281782767,22.89892249217583,0.2937984172192148,3.5473861694335938,-10.086701393127441,-0.004903093911707401,0.3720608055591583,0.8808238506317139
7.967,30.204660623116318,-3.9376928489715612,22.629181875103633,-0.2911479540147789,1.3565465211868286,-12.598152160644531,0.004801393486559391,0.3635583817958832,0.8721274137496948
8.077,29.974343229208902,-4.422164996989736,18.67699137249031,-2.301297538198062,0.005401611328125,-11.926396369934082,0.03949493542313576,0.3149731755256653,0.930942714214325
8.077,29.929718188266623,-4.5668719460665645,21.226569795307057,-0.42939920690880506,3.005401611328125,-5.178304672241211,0.007470127195119858,0.36088618636131287,0.929111897945404
8.190,30.072062745664276,-5.088775238283701,21.509648535954422,-1.7068470454215139,7.165706634521484,-13.353877067565918,0.029790448024868965,0.3667164146900177,0.9300273060798645
8.190,31.018545964615036,-4.101618242825514,22.845995536353392,1.322810919712305,25.15807342529297,19.806428909301758,-0.0238268431276083,0.4007260501384735,0.9508529901504517
8.190,31.810281002635406,-4.1564561241242535,22.013642367722383,1.8190482962958536,22.409982681274414,-3.995098352432251,-0.03741312399506569,0.44178056716918945,1.0920554399490356
8.303,33.05673246955479,-3.3562364970508485,22.66672498411391,-0.7854573446341016,32.959598541259766,16.89803123474121,0.014263267628848553,0.400968998670578,0.9600071310997009
8.303,33.850519979420746,-3.7557955198640127,26.95172141872276,2.4099525360681295,21.119905471801758,-11.872961044311523,-0.04614716395735741,0.4974105954170227,0.9771711230278015
8.415,35.20587881265598,-3.9131758849458005,22.902247371997717,-1.803596653909718,36.30310821533203,-4.529449462890625,0.034157466143369675,0.42234647274017334,0.9991410374641418
8.415,36.5711482503769,-3.9214045553483734,30.116221329009836,0.8124149994366932,33.829830169677734,-2.3691442012786865,-0.014364968985319138,0.5083422660827637,0.8762467503547668
8.415,37.82033179296429,-4.056522345717327,27.74619898094922,-2.693366293398355,32.87562942504883,-3.682121515274048,0.04677329957485199,0.4634009599685669,0.8796795606613159
8.528,38.85667981082491,-4.30992364458527,29.228107815952203,0.6753882811883882,27.860363006591797,-8.025632858276367,-0.012424071319401264,0.5146583318710327,0.9197288751602173
8.528,39.63482960258612,-4.7667706656185045,32.8150210491337,0.24643413210098591,20.730592727661133,-12.636320114135742,-0.004175257403403521,0.5260758996009827,0.8158295154571533
8.641,40.57023083960854,-5.014744952304048,31.605179456661823,-3.5370295227861703,25.2725772857666,-6.285175323486328,0.06133003160357475,0.5209744572639465,0.8444361686706543
8.641,41.38194759604578,-5.027272799902321,35.36277456529837,-1.4807917590963433,21.119905471801758,-1.918762445449829,0.02590865269303322,0.5802483558654785,0.817202627658844
8.641,42.05751136156798,-5.560068536298336,36.94654124023719,-1.354626395828348,17.623722076416016,-13.979830741882324,0.022754693403840065,0.5785478949546814,0.7689146399497986
8.754,42.47410850470916,-5.13730074412888,39.66981119738154,-1.100076168669064,10.707691192626953,7.691924095153809,0.018145062029361725,0.6033263206481934,0.727263331413269
8.754,42.355116364083784,-5.940210825405035,35.238350599072504,0.07535277867715942,0.5931878089904785,-20.91876220703125,-0.0012639111373573542,0.5544981956481934,0.7849343419075012
8.866,41.66514089941285,-6.319723029560801,39.9552342573195,-8.010392803906747,-14.80375862121582,-7.796625137329102,0.11494731903076172,0.5297197699546814,0.6217619776725769
8.866,38.4589510652659,-4.765122882481239,38.96758797123381,-4.6894250275510565,-72.68925476074219,35.09650421142578,0.06472659856081009,0.4978964626789093,0.6121501326560974
8.866,33.60949967908392,-3.332147700508683,33.29569064743838,-1.5525509446068402,-109.44497680664062,31.56215476989746,0.023482531309127808,0.47579020261764526,0.7240594029426575
8.978,30.903023560088027,2.9495738640574594,35.900031910695,-4.414321352758071,-63.4678840637207,145.35604858398438,0.061815254390239716,0.47093167901039124,0.6476224064826965
8.978,26.75000728998452,9.851124637075092,15.176235743677301,4.8293793460084915,-88.51367950439453,158.27972412109375,-0.08035548031330109,0.24986901879310608,0.9176692366600037
9.091,24.418622962090925,18.13075251972448,16.068111513456152,19.85625796472074,-48.834293365478516,186.3102569580078,-0.3865320384502411,0.3149731755256653,1.0229417085647583
9.091,23.108334839641312,26.28462381314924,20.417339443413084,23.311960658914735,-28.36864471435547,185.630859375,-0.3663952350616455,0.32298973202705383,0.7865363359451294
9.091,21.52316916913912,33.61889118919269,11.848635692403638,34.216336201972354,-31.36100959777832,165.47055053710938,-0.587172269821167,0.21440182626247406,0.836426317691803
9.203,20.921245088153405,41.25226279427475,13.909289387345847,42.41205044892205,-10.368644714355469,171.96673583984375,-0.7849012017250061,0.27974891662597656,0.8123967051506042
9.203,20.260364521799435,47.269492113421315,12.577431115419875,47.51238686056368,-11.391544342041016,135.8675079345703,-0.7482667565345764,0.2209608256816864,0.6487666964530945
9.203,20.560175675417145,50.7642813456634,8.689869626785386,49.295945320545506,12.249675750732422,79.65375518798828,-0.875880777835846,0.17456196248531342,0.7329846620559692
9.317,20.027446533365538,55.8922439405364,11.258347289162476,58.989229730285416,-7.994598865509033,114.45528411865234,-0.9700142741203308,0.2209608256816864,0.5396036505699158
9.317,21.315401644776504,60.142657000656996,12.180953797014508,58.772518426205096,33.31837844848633,96.68428802490234,-1.0008260011672974,0.24695390462875366,0.5542502999305725
9.430,22.2597811654629,64.94034579821404,11.00610758002106,62.30333903821255,26.532119750976562,109.63848876953125,-0.8625370860099792,0.18597948551177979,0.4128189980983734
9.430,22.877628124951208,68.07885187278075,12.670914455738787,69.24648895184149,18.669523239135742,70.38658142089844,-0.9595819711685181,0.22509056329727173,0.28557658195495605
9.430,22.85399396287567,70.32370282653216,9.253703984347267,70.60480746672279,5.738225936889648,50.600318908691406,-0.9256162643432617,0.15780006349086761,0.28511887788772583
9.542,22.856413557389146,71.81456919780585,9.821051898647731,72.60731146398844,6.066470146179199,33.32551193237305,-1.007861852645874,0.18014925718307495,0.2592584788799286
9.542,21.947327331691497,73.37554063072056,11.553514803073117,73.41580101552604,-15.750322341918945,35.25680923461914,-0.9457530975341797,0.19763992726802826,0.20067206025123596
9.655,22.42709006427695,74.32739579345355,7.225321342096452,74.4797090734701,17.85272979736328,21.440017700195312,-0.9185805320739746,0.11990360915660858,0.22515934705734253
9.655,21.341991571215363,74.49763825851612,8.31534462079583,75.24796786709128,-18.513681411743164,3.501084804534912,-1.0389161109924316,0.1553708016872406,0.22515934705734253
9.655,21.256009734848657,72.9365985237097,8.27523416100208,73.15301393839017,4.043569564819336,-35.37677764892578,-1.0299395322799683,0.1548849493265152,0.270701140165329
9.767,20.511981860633536,71.97077562412404,6.139677667083877,76.12816113690471,-10.18543815612793,-23.743188858032227,-1.0156253576278687,0.11188705265522003,0.2244727909564972
9.767,20.104631086081266,69.92628826967496,6.438970255145218,72.14246271503333,-2.9029955863952637,-47.22410583496094,-0.9455104470252991,0.11140120029449463,0.28351691365242004
9.879,18.263218916035,65.81564137054033,3.7471805757792866,73.43379492662285,-34.91826248168945,-96.40731048583984,-1.035277009010315,0.07058963179588318,0.2997654974460602
9.879,17.340757472395172,61.642095259339065,5.347382838160128,66.10729509297121,-15.315208435058594,-96.37677764892578,-0.9666177034378052,0.09852612018585205,0.4167094826698303
9.879,15.004720078129507,54.52334425727162,2.3047844039572474,59.85479889404838,-46.93353271484375,-163.33096313476562,-0.9641916155815125,0.04483947902917862,0.5581408143043518
9.992,13.726316986272804,44.179780910285174,-2.7473600198114085,50.47642659085272,-21.292308807373047,-236.65158081054688,-0.8773364424705505,-0.05451725423336029,0.7217708230018616
9.992,11.906750322513178,33.49824955788275,-0.5622415312954353,46.05952141723332,-35.36864471435547,-247.1782989501953,-0.7739836573600769,-0.010547651909291744,0.7458004355430603
10.107,10.431659126901264,22.832270546220446,-3.5968518297454386,36.155738429283474,-26.864826202392578,-247.1782989501953,-0.649766206741333,-0.06909281760454178,0.8865451812744141
10.107,9.833753758468458,12.151628825957413,-5.190714284849141,24.76874472014849,-6.5823845863342285,-247.1782989501953,-0.4302022457122803,-0.09289956092834473,0.9277387261390686
10.107,8.751059491994715,1.3792708986326268,-9.819292867083833,9.478075032684227,-15.902994155883789,-247.1782989501953,-0.1570209264755249,-0.16261932253837585,0.9263656139373779
10.225,8.519668050840316,-7.816162835197234,-5.395777226605971,5.960514212115999,1.1886075735092163,-214.1553955078125,-0.09588266164064407,-0.08682641386985779,0.9142364263534546
10.225,8.307394309172782,-15.182171807861023,-6.674095702261501,-6.655675803385642,2.112271785736084,-170.3920440673828,0.10451499372720718,-0.1048029363155365,0.8895202875137329
10.225,7.809192627149236,-21.645432970376934,-6.252903452625987,-17.530344673347056,-4.773224353790283,-147.95692443847656,0.27774009108543396,-0.10043026506900787,0.8735005259513855
10.338,7.081214843709998,-26.44495055108424,-9.318860264084773,-23.455525678606467,-8.887727737426758,-109.8424301147461,0.3818207085132599,-0.1553315371274948,0.8661772608757019
10.338,6.885436435774868,-30.614202180844867,-7.138800149407678,-25.089745629223557,2.043569564819336,-96.7660903930664,0.3990461826324463,-0.11694923788309097,0.8442073464393616
10.453,6.59493397622224,-34.05201739012529,-4.407237708448445,-29.29974721965517,-1.4907817840576172,-79.8805923461914,0.4694037139415741,-0.07370840758085251,0.8332223892211914
10.453,6.177737057094576,-37.85136475745824,-8.533141398788288,-32.326001539374026,-2.643453598022461,-88.40731048583984,0.5676616430282593,-0.15751788020133972,0.883112370967865
10.453,6.2986006695525365,-39.74068728943757,-6.494444585386985,-37.41955034649805,8.631355285644531,-43.766090393066406,0.5839166641235352,-0.10868975520133972,0.7554122805595398
10.566,5.833712808318904,-42.06258960721589,-8.06892928647227,-44.532364273576235,-4.093835353851318,-51.33097839355469,0.726330041885376,-0.14537157118320465,0.72383052110672
10.566,5.263400977246125,-43.56923371547232,-8.97236981701597,-41.7815080327208,-6.322843074798584,-34.872962951660156,0.7103176116943359,-0.16626320779323578,0.7773821949958801
10.679,5.269392333808695,-43.271553580875654,-9.428237664170034,-44.9332476546997,6.9137983322143555,7.493451118469238,0.7336084246635437,-0.170150026679039,0.7153629660606384
10.679,4.3783160362919,-44.7011634005781,-8.956525264239525,-37.33286374057615,-13.98696517944336,-35.70502471923828,0.6542742252349854,-0.16796369850635529,0.8412322402000427
10.679,4.800556623234796,-43.43322757362444,-8.403134526745966,-44.84118872907846,15.631355285644531,29.3026123046875,0.6698014140129089,-0.1388125717639923,0.6590650677680969
10.790,3.7693645444238895,-43.900631078906756,-9.644853157982167,-38.32818657888861,-17.116735458374023,-13.132502555847168,0.6550020575523376,-0.17695195972919464,0.8094216585159302
10.790,3.4054277328966918,-43.3603289646129,-7.404810208766638,-44.75246413937761,-3.2388734817504883,12.852229118347168,0.6402027010917664,-0.11719216406345367,0.6350354552268982
10.904,1.8038288406948608,-43.10809349365891,-12.380656241391723,-37.99242738631122,-29.651086807250977,3.3407793045043945,0.6928495764732361,-0.24132734537124634,0.8535903096199036
10.904,1.245406981584899,-42.935347764265536,-9.196770655630022,-41.035775656832165,-7.8037590980529785,3.0278022289276123,0.6450549364089966,-0.15703202784061432,0.7242882251739502
10.904,-1.581443110682829,-42.319165663387416,-10.226050687824717,-38.1231698017931,-59.895362854003906,11.98963451385498,0.568874716758728,-0.16359102725982666,0.7062088251113892
11.016,-2.70023866217979,-40.64002171254773,-14.994552896412872,-38.285288296090705,-19.612918853759766,36.85986328125,0.6419010162353516,-0.2680492103099823,0.7677703499794006
11.016,-5.008485510816555,-38.991084273312424,-18.150817426688068,-42.68470767105014,-46.101470947265625,38.966732025146484,0.5960472822189331,-0.27387943863868713,0.5853742957115173
11.016,-8.586427173561667,-36.20560677128157,-21.59280254257658,-28.46839387585715,-74.85719299316406,59.378944396972656,0.5227783918380737,-0.40360191464424133,0.8755602240562439
11.130,-10.847671435094755,-36.81265690923939,-22.034473885410907,-31.131107628009755,-45.941165924072266,-16.33860969543457,0.35197940468788147,-0.2554170489311218,0.5238128304481506
11.130,-14.010386261400928,-36.83578392976905,-31.713684780918943,-29.422323943583944,-63.30757522583008,-3.9416635036468506,0.6625230312347412,-0.7089598774909973,0.9366640448570251
11.242,-16.823722397508963,-37.616481382090676,-29.653908757368,-24.98278399662712,-57.62055587768555,-23.453113555908203,0.32068243622779846,-0.37566542625427246,0.5766779184341431
11.242,-20.84155727110687,-38.089280736817294,-37.41701996660043,-29.26649423494516,-83.09383392333984,-14.743189811706543,0.6069648265838623,-0.7543870210647583,0.7771533131599426
11.242,-22.31333497119768,-36.572364024049165,-40.72799789478123,-26.999338046627894,-24.750322341918945,29.84459686279297,0.4288874864578247,-0.6164050698280334,0.573245108127594
11.351,-27.649703713120694,-34.539542632702464,-43.31356829071938,-24.813366380957603,-113.29230499267578,41.424747467041016,0.4325266480445862,-0.7070164680480957,0.6126078367233276
11.351,-29.42141892532886,-31.369600612480767,-46.018021158916376,-22.308540563779403,-32.36101150512695,67.40947723388672,0.43859195709228516,-0.831394612789154,0.671880841255188
11.461,-33.61128577355188,-28.66595219180126,-52.419582232338385,-15.057023169148328,-86.0098648071289,54.821693420410156,0.18724574148654938,-0.571220874786377,0.39771467447280884
11.461,-36.45378852496316,-24.885505665449024,-49.50680815448245,-15.170660615506021,-58.215972900390625,80.95146179199219,0.31752848625183105,-0.9227347373962402,0.7210842967033386
11.461,-40.11772739200061,-22.41626592198977,-59.903576594097586,-8.723503218066423,-73.67398834228516,49.485816955566406,0.13484151661396027,-0.7692055106163025,0.42494821548461914
11.571,-41.51944613422731,-19.33159369091381,-56.37313259571282,-9.410795773353865,-24.826658248901367,65.13467407226562,0.19646501541137695,-1.0004711151123047,0.6357220411300659
11.571,-43.42450542205434,-17.844268772724757,-64.18589866782467,-1.9654607893892053,-33.47551727294922,26.28734588623047,0.03051828406751156,-0.801028847694397,0.38627201318740845
11.683,-44.80059729451514,-16.37564320493591,-62.8677483169264,-4.9194127686097415,-22.76559066772461,27.90566635131836,0.08486340939998627,-0.8807085752487183,0.4432564675807953
11.683,-46.86560253723095,-15.345790696975971,-65.74984812807149,-3.09544975127249,-37.9564323425293,17.62322235107422,0.053081214427948,-0.8962558507919312,0.4002320468425751
11.683,-49.09648916922427,-14.560139649958792,-66.16142984964597,-3.550001405034777,-42.544219970703125,12.676656723022461,0.059389133006334305,-0.8773075938224792,0.3830680549144745
11.794,-49.6665674932048,-13.898059531631837,-63.410595503922174,-7.387012059150391,-6.544216632843018,11.959099769592285,0.14939825236797333,-1.0390963554382324,0.4981812536716461
11.794,-50.86416261699108,-12.541186957721797,-71.53821143235433,-0.07389914410032462,-17.528949737548828,24.913299560546875,0.001162210595794022,-0.8547154664993286,0.28534772992134094
11.906,-51.99579177377338,-12.172727280303583,-66.83897501623201,-3.811668303136862,-18.7274227142334,4.470550537109375,0.06812316924333572,-0.9421688318252563,0.3972569704055786
11.907,-53.450229331108815,-12.072148475906912,-67.62541011623445,-1.410898054368764,-26.330476760864258,-2.643953561782837,0.025423428043723106,-0.9548010230064392,0.39222219586372375
11.907,-54.04080846788314,-11.802858022595405,-69.05412875041245,1.1500345299512313,-6.422079563140869,0.11177182197570801,-0.019945047795772552,-0.9280791282653809,0.3546902537345886
12.021,-54.07795786677884,-12.007610872213109,-69.10200563241833,-5.3502707173364845,6.0893707275390625,-7.697388648986816,0.10014797747135162,-1.0033862590789795,0.3697945773601532
12.021,-54.02194348539557,-11.701150529438392,-69.01554513850589,1.5999648607453902,8.180974006652832,0.791161060333252,-0.02843647450208664,-0.950914204120636,0.3636155426502228
12.134,-53.05034907596125,-11.54788706087883,-66.8119719049586,-7.57413351320574,28.303112030029297,1.630855679512024,0.14575906097888947,-1.0165042877197266,0.4103015959262848
12.134,-51.72455471654842,-12.007175447653522,-69.8812367783797,-5.639228899556143,38.33364486694336,-13.315709114074707,0.09747924655675888,-0.9314801096916199,0.3269990384578705
12.134,-50.686922623123834,-11.945618367758781,-65.87874610366582,-3.3785998111896274,30.45578384399414,-2.559983968734741,0.05332382768392563,-0.8258072733879089,0.3659040629863739
12.247,-48.68855270595068,-10.248809840178145,-59.52622064106673,-4.860106937108802,50.15807342529297,35.85986328125,0.0889878198504448,-0.9052441120147705,0.5251859426498413
12.247,-47.568131889596366,-11.214586635986901,-55.37780965779753,-9.27326001724247,28.921432495117188,-22.72028923034668,0.15133914351463318,-0.772849440574646,0.5116835832595825
12.361,-46.08991844376011,-9.132998547739952,-58.34869355778397,-3.4116230596489667,39.058834075927734,44.40184783935547,0.059631746262311935,-0.8530150055885315,0.5224396586418152
12.361,-44.897121527865764,-9.444358697470506,-56.44313479024212,-7.89495378145159,32.280208587646484,-7.750823974609375,0.14236249029636383,-0.863703727722168,0.5549368262290955
12.361,-43.849998886589454,-8.571952295163118,-54.63881642151266,-2.7785035186757585,28.63899040222168,17.04306983947754,0.04653068631887436,-0.7828093767166138,0.5535637140274048
12.474,-43.72221970759685,-8.09317737868638,-56.60683060439457,-7.502007652611808,8.829829216003418,10.546886444091797,0.1234387457370758,-0.7893683910369873,0.5055045485496521
12.474,-43.19939604738906,-8.074631707542503,-57.797364140046454,-8.268951195456319,18.547386169433594,0.5087182521820068,0.1375102549791336,-0.8090453743934631,0.49062907695770264
12.586,-42.81894768043018,-6.648243175807366,-50.55594670058098,-7.194164711483774,12.165706634521484,32.485816955566406,0.128048375248909,-0.7896113395690918,0.6368662714958191
12.586,-41.52747160650207,-6.812919036696374,-53.3528233942033,-8.056737105155172,34.63898849487305,-3.1477701663970947,0.1452738493680954,-0.8316375017166138,0.6013940572738647
12.586,-40.47694753101909,-5.5640889563985345,-54.77358505907739,-4.46542185789306,30.333646774291992,27.714826583862305,0.07176235318183899,-0.7529295086860657,0.5267878770828247
12.699,-38.96816557355244,-4.500246438920852,-43.139645554962435,-0.29927248637040826,36.020668029785156,22.10413932800293,0.004801393486559391,-0.6285513639450073,0.67073655128479
12.699,-37.79499862133271,-3.6804384696380854,-56.77473479533218,-6.886460093772637,35.26494216918945,20.004901885986328,0.1210126280784607,-0.8442696928977966,0.5396036505699158
12.699,-36.990446733334814,-2.0317526801850097,-48.84052714506224,-0.5734847333140918,23.646623611450195,36.585052490234375,0.010138860903680325,-0.7626465559005737,0.666617214679718
12.812,-36.85734683697878,-2.50339367751708,-48.20667011605481,-10.793931435761136,8.242042541503906,-6.8347930908203125,0.2789531648159027,-1.1105166673660278,0.9526838064193726
12.812,-34.46141209878668,-1.9883929317864761,-42.750897163202794,6.055149448220804,57.96723175048828,7.928565979003906,-0.10752804577350616,-0.6919550895690918,0.7407656908035278
12.926,-33.50232035062808,-0.6763340827945367,-46.78408497110078,4.861225463798846,27.79929542541504,27.096506118774414,-0.06458568572998047,-0.5554306507110596,0.5178626179695129
12.926,-33.60268656538683,-0.6219617749372683,-42.90193717124406,-7.220655817280842,2.0206687450408936,4.2720770835876465,0.15983057022094727,-0.8656471371650696,0.9176692366600037
12.926,-32.04857264239881,0.48833686114963804,-43.867501834698245,9.529119608940615,40.57028579711914,20.92093276977539,-0.14852949976921082,-0.6217494606971741,0.6295430064201355
13.040,-32.545031772410354,0.6869827745974096,-43.046119704918425,3.1935436619050153,-6.376277446746826,3.3331458568573,-0.05827777087688446,-0.7140613198280334,0.7622778415679932
13.040,-32.16852442460257,-0.2146397085238556,-42.49913561612435,-4.613105641100035,13.272577285766602,-18.346242904663086,0.09359744936227798,-0.7862103581428528,0.8529037237167358
13.152,-31.63338251822666,-0.23070193889377197,-38.04622649502255,3.4901912548363123,15.051202774047852,-2.0790679454803467,-0.05342552810907364,-0.5408551096916199,0.6890448331832886
13.152,-31.21562765802117,-1.1777236488914806,-41.56039440807484,-3.8126397517013992,14.211507797241211,-20.185937881469727,0.07758504897356033,-0.7740640640258789,0.8696100115776062
13.152,-29.854067013019563,-1.7674032284077714,-41.12530852925853,0.2797287813241465,35.96723175048828,-14.26990795135498,-0.004175257403403521,-0.5624755024909973,0.6441895961761475
13.266,-29.635296053904053,-1.6281398333777368,-41.255781802467155,4.258237304125239,10.303112030029297,0.43238234519958496,-0.07331972569227219,-0.651143491268158,0.7387059926986694
13.266,-28.033714023731736,-2.2185024318110287,-39.39512895277428,-3.879364114012228,41.43288040161133,-12.575251579284668,0.07127712666988373,-0.6686341762542725,0.8110235929489136
13.378,-27.557948659358036,-2.0649098335108365,-36.384358730552634,4.076696707855413,14.822195053100586,0.6384892463684082,-0.06749703735113144,-0.563204288482666,0.7613624334335327
13.379,-26.735088449289922,-3.497663674665602,-32.70579707455862,-5.8669966460254495,21.348913192749023,-31.285173416137695,0.10645589232444763,-0.5627184510231018,0.8698388934135437
13.379,-26.10513668704506,-4.27396782124703,-31.431653682542887,-5.859665780936886,16.692424774169922,-16.811891555786133,0.10645589232444763,-0.5437701940536499,0.8833412528038025
13.491,-25.360861218472525,-3.958100600437913,-32.69845872397893,-3.5200247531900564,20.203874588012695,6.936199188232422,0.0601169690489769,-0.5289517045021057,0.821779727935791
13.491,-25.621441473044975,-4.103283101435704,-34.246911442415175,-1.8923715538177726,-1.9106292724609375,-4.300441741943359,0.036340974271297455,-0.6193202137947083,0.9089727997779846
13.604,-24.5982022957489,-3.477072788752129,-39.04014815835244,-4.78166122653176,29.784027099609375,14.752992630004883,0.07855549454689026,-0.5935700535774231,0.7277210354804993
13.604,-23.78666312423008,-2.234641315046123,-31.05579882226951,-2.9047042129905334,21.692424774169922,28.386581420898438,0.05599256232380867,-0.5700061917304993,0.944902777671814
13.604,-22.241752881148653,-1.57615323589236,-29.279290484273414,8.052694663068635,38.15807342529297,10.44001579284668,-0.1429494172334671,-0.4990718364715576,0.8785353302955627
13.717,-19.092981032259413,-2.3639192936747158,-40.761669787196425,-14.67412360174479,81.15044403076172,-12.124869346618652,0.2568754553794861,-0.6620751619338989,0.72383052110672
13.717,-18.97162393863392,-3.0157052497054035,-21.412087353792465,3.982787651037011,3.86799693107605,-17.95693016052246,-0.06555613875389099,-0.34457090497016907,0.8762467503547668
13.717,-16.85807312639225,-3.331524872633742,-23.458749220025272,0.6146239400134651,50.80692672729492,-8.956931114196777,-0.014122356660664082,-0.5240932106971741,1.2076263427734375
13.831,-14.831873603445871,-3.42779062601296,-20.13469430700453,3.8777844903555807,48.23440933227539,-5.544716835021973,-0.059248220175504684,-0.3015729784965515,0.8204066157341003
13.831,-12.857020027585065,-2.8152086751576757,-19.980646268814194,2.147659751885121,47.913795471191406,11.554519653320312,-0.04226537048816681,-0.3853824734687805,1.0591005086898804
13.944,-10.59271840262475,-2.743866708946658,-24.686709893489276,-5.862948128551457,57.66952133178711,3.0507030487060547,0.0851060226559639,-0.3479718565940857,0.7522083520889282
13.944,-9.76367772513142,-2.5373866752425878,-16.37497468487692,3.0342884992361943,21.784027099609375,2.0965046882629395,-0.057307325303554535,-0.30521687865257263,1.0371307134628296
13.944,-7.880063523750935,-2.203873020382508,-20.134147135778473,-3.36729770890086,48.219139099121094,8.073603630065918,0.05987435579299927,-0.3508869707584381,0.9552012085914612
14.058,-6.832666821134173,-3.2348858067277013,-14.777740872007099,-0.4349242881602489,27.333646774291992,-24.590517044067383,0.00795535184442997,-0.2673204243183136,1.0133298635482788
14.058,-5.228243005380307,-3.155485284513126,-14.497224906724332,-6.26038429851941,40.5321159362793,3.226275682449341,0.12586486339569092,-0.2889408469200134,1.1103637218475342
14.171,-3.018586949204914,-2.003144646289823,-9.114236698818118,3.6696960166219155,52.74585723876953,23.42474937438965,-0.06943793594837189,-0.1718505173921585,1.0689412355422974
14.171,-1.9816353133763946,-3.8367750964373304,-16.86067846321998,-7.790933524893213,30.29547882080078,-39.61341857910156,0.15570616722106934,-0.3331533670425415,1.0881649255752563
14.171,1.0403146502211047,-3.581478846961532,-2.2960958102995637,3.0249327464598372,69.829833984375,2.722458839416504,-0.05196985602378845,-0.0394558422267437,0.9826635718345642
14.284,3.2489218454720774,-4.392666263738096,-8.525773965845417,-11.378732601776138,55.341278076171875,-15.109602928161621,0.16856461763381958,-0.12666627764701843,0.8279587626457214
14.284,4.502797941462675,-3.706506313492262,-4.067001076178362,-10.846077506314444,32.287845611572266,18.798795700073242,0.1491556316614151,-0.0562177374958992,0.7764667868614197
14.397,4.55054864772388,0.4192940273266964,13.184912103115597,6.350099766888665,-2.9029955863952637,90.50108337402344,-0.118688203394413,0.24476757645606995,1.03804612159729
14.397,12.509406087513728,1.7603395321455089,8.364447550576985,8.453419130376426,181.7687530517578,27.218643188476562,-0.13712672889232635,0.13569380342960358,0.9126344323158264
14.397,19.640229448939177,2.650440820158285,63.83846573804135,-13.38173825826617,140.76112365722656,27.508718490600586,0.12926143407821655,0.5012974143028259,0.20959733426570892
14.509,19.508688543261194,8.016276278821206,7.29137602955547,11.116397625850265,2.6618900299072266,119.82933044433594,-0.2681373059749603,0.17650537192821503,1.3531769514083862
14.509,21.239774375191537,13.92246892017817,22.89640632304548,16.046980028078767,38.356544494628906,132.4934539794922,-0.26037371158599854,0.3664734959602356,0.8277298808097839
14.622,22.307901555712935,19.772627543357995,11.27376145859736,4.033031606632719,29.226776123046875,139.46292114257812,-0.06288740038871765,0.17480488121509552,0.8746448159217834
14.622,22.548428374882224,26.321788579970573,21.759598352930524,28.198738130775702,5.799294471740723,147.13467407226562,-0.49716317653656006,0.39003732800483704,0.8412322402000427
14.622,21.38624095175329,27.955395659613785,14.480254262505632,38.07626752393793,-23.078567504882812,32.249176025390625,-0.7924221754074097,0.3212892711162567,0.9590917229652405
14.732,22.162524394323796,38.442524460312015,23.526308933863035,54.38699004610125,16.913799285888672,229.63848876953125,-0.7815046310424805,0.3837212324142456,0.40755537152290344
14.732,19.70963441619026,37.96563040717797,23.331055621520914,27.38167887566377,-57.101470947265625,-5.895861625671387,-0.5781956315040588,0.4978964626789093,0.9991410374641418
14.843,17.656628108298875,31.79519652985343,5.796980827509192,53.743982386059265,-40.925899505615234,-149.56761169433594,-0.7885403633117676,0.09876904636621475,0.5698122978210449
14.843,15.904930473000725,24.455213993021978,8.567508854263412,32.57693917079554,-36.200706481933594,-169.61341857910156,-0.5993028879165649,0.16581661999225616,0.9231616854667664
14.843,14.875364832985928,20.60114315005888,3.4111418323095672,38.3749381072565,-17.97933006286621,-95.29280853271484,-0.6655360460281372,0.06378770619630814,0.8380283117294312
14.955,14.898078627070806,21.59152570235261,7.077866210135753,18.898001317001384,4.119905471801758,23.62322235107422,-0.26983559131622314,0.10265586525201797,0.7815015316009521
14.955,12.757077284554853,21.140874943557044,9.893007227145016,29.503237183067924,-47.06330108642578,-14.040900230407715,-0.47460025548934937,0.16557370126247406,0.8222374320030212
14.955,11.700602406757499,19.967890698897612,5.505561766331224,15.31463371917897,-21.017498016357422,-24.361509323120117,-0.27056342363357544,0.09828319400548935,0.9831212759017944
15.069,10.864565054233134,18.76254501795066,-0.07127863679939112,27.784448497039826,-13.849559783935547,-31.39967918395996,-0.49328139424324036,-0.0013164638075977564,0.9362063407897949
15.069,11.117647468644202,18.160339191661684,-0.0464041947821128,18.170225058516767,10.867996215820312,-13.613419532775879,-0.31981369853019714,-0.00083061185432598,0.9744248986244202
15.182,10.640366656048405,19.37832926030962,12.334570850309744,27.771361355289574,-11.567117691040039,23.653757095336914,-0.4263204336166382,0.19545359909534454,0.785620927810669
15.182,9.218199181220337,17.141346684482066,1.109845586733464,20.071442263123018,-28.39917755126953,-51.90349578857422,-0.42001253366470337,0.02370491437613964,1.1492687463760376
15.182,9.398550326254524,16.27227682958423,6.372882378578911,27.18957406172863,5.471050262451172,-24.67448616027832,-0.4255926012992859,0.10338464379310608,0.8220085501670837
15.296,10.672899700838823,15.247191793664959,4.728418259372676,19.661773251335774,31.539752960205078,-25.201204299926758,-0.27226170897483826,0.06670282036066055,0.7590739130973816
15.296,9.07655984085449,13.486149605808585,5.344297754654784,12.84055730781256,-34.35337829589844,-39.49891662597656,-0.22349666059017181,0.09366760402917862,0.9760268330574036
15.410,8.746735128476452,9.422131554363991,6.444129738265765,16.04789145670515,-6.391544818878174,-94.89586639404297,-0.323452889919281,0.13132113218307495,1.1167715787887573
15.410,12.071760862671516,4.107647165428519,-6.30666346763065,12.937022147051781,83.6160888671875,-124.17066955566406,-0.3695491850376129,-0.18132463097572327,1.5985076427459717
15.410,13.574691055566753,-2.3852275628944515,17.640512507271016,10.781724180538742,32.08937072753906,-152.8042449951172,-0.1960814893245697,0.3176453709602356,0.9794596433639526
15.524,16.40279320688671,-9.043205465816378,-2.444061135277412,-15.455135626498825,72.60082244873047,-147.4989013671875,0.24959707260131836,-0.0399416945874691,0.9018783569335938
15.524,18.215964252262268,-8.271807316049724,2.261928267718645,-21.346790053827135,48.33364486694336,23.46291732788086,0.2724026143550873,0.029535137116909027,0.6963681578636169
15.637,17.359928105848105,-3.1181030188554115,13.19034931174526,2.5643021137141337,-17.42207908630371,113.84459686279297,-0.03765573725104332,0.19205263257026672,0.8185757398605347
15.637,20.2545639836468,-3.402081153646797,2.618959436094578,7.10297459075085,73.5473861694336,-11.262274742126465,-0.15289652347564697,0.05649992451071739,1.2257057428359985
15.637,22.620476625342103,-3.134778285383763,12.661242332573115,-4.29875878494862,58.058834075927734,6.577420711517334,0.07249019294977188,0.21197256445884705,0.9407834410667419
15.752,23.295482022899662,-7.298450717809547,14.15177921317467,3.0511697648509903,19.471050262451172,-98.86532592773438,-0.057307325303554535,0.26322993636131287,1.0423942804336548
15.752,26.18604710795303,-7.575192907505538,16.0476476594695,0.3878286435311302,69.99777221679688,-9.926396369934082,-0.006843991111963987,0.27950599789619446,0.971678614616394
15.752,32.23469188218707,-4.634008436739559,14.517761485767963,-3.485356345166713,144.8603515625,65.93620300292969,0.07273279875516891,0.299911767244339,1.1559054851531982
15.867,39.74021259129025,-1.612185471971939,30.157371966615298,-2.16965019343763,174.0359344482422,68.54688262939453,0.031973958015441895,0.42428988218307495,0.7295518517494202
15.867,41.792984965202564,-3.2054701029631603,33.519296513611074,2.335062999621642,50.20387268066406,-38.55998611450195,-0.04202275723218918,0.569559633731842,0.8588539361953735
15.981,48.106190286747875,-0.1640892783733929,38.618845889076155,1.8389597884574318,147.04356384277344,67.80642700195312,-0.03522961586713791,0.6851924061775208,0.8570231199264526
15.981,51.22876494507553,2.3822062714037786,39.912355284452374,4.374621608904119,75.78402709960938,56.62322235107422,-0.07259189337491989,0.6106141209602356,0.7263479232788086
15.981,54.99456583829997,2.830534338994715,40.07773629696224,12.788134487902635,91.98250579833984,5.539252758026123,-0.24508914351463318,0.7128859758377075,0.8110235929489136
16.099,59.00806012668033,5.191146540450675,62.513384775911724,-7.492929131623751,89.08174133300781,59.19573974609375,0.12246830016374588,0.8331343531608582,0.4157940745353699
16.099,60.83164550299286,9.606922322358686,48.712761264919955,5.9779972464403945,46.799293518066406,101.4629135131836,-0.09806616604328156,0.7075415849685669,0.6135232448577881
16.211,63.72571959773233,13.599378774321764,54.93414585711662,19.699870166629616,69.4557876586914,87.40947723388672,-0.3974495828151703,0.9650431275367737,0.5485289692878723
16.211,64.53832086366708,15.839644109819158,62.4674408156435,4.541472627011646,19.318378448486328,55.83695983886719,-0.068710096180439,0.769487738609314,0.3951973021030426
16.211,65.84277088192363,15.025907324934886,54.70271039541816,17.23359463869217,34.6160888671875,-19.407312393188477,-0.2897297739982605,0.7981529831886292,0.48513659834861755
16.325,65.6371685275279,15.518153935775828,72.20243210707015,-2.066616211767379,-7.673987865447998,19.233909606933594,0.03221656754612923,0.8506249785423279,0.2711588442325592
16.325,65.78020634912632,16.506055421853546,55.57991315246732,19.70040956449964,7.936699390411377,20.852230072021484,-0.37828323245048523,0.925689160823822,0.5091661810874939
16.439,65.87235926140812,17.34463701984374,58.75687682276241,12.807470578877922,5.364180088043213,21.04306983947754,-0.22155576944351196,0.8545117974281311,0.4686591625213623
16.439,65.14303166183416,16.28186812272622,59.23733380657026,11.285669639242766,-13.757957458496094,-21.71265411376953,-0.18564917147159576,0.8151578307151794,0.44829124212265015
16.439,64.36562636069249,16.24242719536398,59.89454804254083,13.223251751524101,-15.506048202514648,0.5010848045349121,-0.22010008990764618,0.8324055671691895,0.4295252859592438
16.553,63.25613726210478,16.23334133622057,58.45250595702043,14.387162182456814,-22.857192993164062,0.646122932434082,-0.23611249029636383,0.8098134398460388,0.4375351369380951
16.553,62.60683898903586,15.563195618257478,56.898556446061626,7.493698905541098,-12.040399551391602,-11.422579765319824,-0.1334875524044037,0.8574269413948059,0.5428076386451721
16.554,61.62342835233742,15.453355931119917,56.72459155854523,10.557158157814529,-19.96406364440918,-0.2241060733795166,-0.18492132425308228,0.8438230752944946,0.521981954574585
16.667,60.675951340862426,14.95291992346413,53.53244396127138,19.535702675847467,-18.116735458374023,-13.422579765319824,-0.3569333553314209,0.8583986163139343,0.5244993567466736
16.667,59.76321950169528,14.682335149304905,55.54659545401011,16.309788524408518,-18.681621551513672,-6.865327835083008,-0.31981369853019714,0.9390500783920288,0.559285044670105
16.788,60.580226239644695,14.640633429327393,41.90884534276155,12.537015863954272,27.07410430908203,0.027802228927612305,-0.215490460395813,0.6630861163139343,0.7066665291786194
16.788,61.719877453607175,13.209807835952686,55.76315761214573,-0.9658727277149387,28.501585006713867,-25.7966251373291,0.014020656235516071,0.6876216530799866,0.46774375438690186
16.788,66.96690390609184,10.683492470467867,49.77794452087412,17.957897362600995,126.5015869140625,-60.44548034667969,-0.3537794053554535,0.8761322498321533,0.6510552167892456
16.901,70.17556285362375,9.500178418462436,79.61626801620962,3.7934412688535097,68.15807342529297,-24.109601974487305,-0.0648282989859581,0.9638285040855408,0.16428439319133759
16.901,71.08334963583181,9.469730288916164,65.58289204658153,10.76440893203529,23.05120277404785,-1.2851746082305908,-0.19899283349514008,0.9701445698738098,0.3929087519645691
17.015,73.25572545230021,8.807648463041918,66.0284806415162,9.111202709538786,52.42524719238281,-15.101969718933105,-0.1664828062057495,0.9606704711914062,0.3933664560317993
17.015,73.49700871492009,8.790396258972113,77.4625858171042,2.3729343305373107,3.6237220764160156,2.56978702545166,-0.04032447189092636,0.9507105350494385,0.20753765106201172
17.015,73.37528791372128,8.877788529402425,67.2505591888035,8.912067113812704,0.07410383224487305,1.9591000080108643,-0.15338174998760223,0.9130569696426392,0.3507997691631317
17.130,72.6230723502386,8.811136982160502,70.74338708984688,3.4490253665299435,-16.132001876831055,0.9667335748672485,-0.059733446687459946,0.9373495578765869,0.3219642639160156
17.130,71.87320637183042,9.145679647707727,64.79580301993958,9.952261651188897,-13.681621551513672,7.188107490539551,-0.16939415037631989,0.8868209719657898,0.3814660906791687
17.130,71.03176804721987,8.806902264875093,65.74032549027588,10.303964110301967,-16.574750900268555,-8.346243858337402,-0.17594467103481293,0.8967809677124023,0.3638443946838379
17.244,70.18574666567623,8.331665386388423,69.43678570764443,6.485700979413617,-18.773223876953125,-9.888228416442871,-0.11238028854131699,0.9315193891525269,0.3308895230293274
17.244,70.0007373316281,8.476145231675348,61.35395237918693,9.851195088121726,-0.19307184219360352,2.6308557987213135,-0.18079692125320435,0.9273896217346191,0.47323623299598694
17.358,69.2488905983606,8.492945789486287,68.08238161359623,7.997928738139957,-16.452613830566406,0.6079549789428711,-0.13227447867393494,0.8819624781608582,0.3292875587940216
17.358,67.13065769144289,8.931308184191352,69.15839804745654,10.968492968479225,-48.80376052856445,8.966733932495117,-0.18856051564216614,0.9261749982833862,0.2979346811771393
17.358,62.83936594913977,8.468122320721523,63.60273754107307,10.224568435181407,-97.33047485351562,-11.277541160583496,-0.17448900640010834,0.8805049061775208,0.4006897807121277
17.473,58.70697172768783,8.198693556079322,59.84577111499148,5.595826901061119,-93.91062927246094,-4.888228416442871,-0.09491220861673355,0.8416367173194885,0.47964411973953247
17.473,53.0452810755971,8.75009045890622,58.598706460203,6.4776203056641535,-130.5060577392578,13.508718490600586,-0.10825587809085846,0.8190446496009827,0.4881117045879364
17.587,46.241972115062936,8.449195012757771,41.00951828157067,10.610729724440125,-151.33047485351562,-7.796625137329102,-0.18443609774112701,0.6572558879852295,0.7329846620559692
17.587,41.03627172215143,8.074451561303144,39.321711413205165,6.551241045983566,-116.84955596923828,-7.766091346740723,-0.11601947247982025,0.6443808078765869,0.7780687212944031
17.587,35.05228493369532,8.705715573642294,35.936023858852636,8.294231020723878,-135.6358184814453,14.455283164978027,-0.15289652347564697,0.6220316290855408,0.8444361686706543
17.701,29.849542012694428,8.80755454794083,24.804099761701604,8.556617156424764,-115.24650573730469,2.4171152114868164,-0.14901472628116608,0.4201601445674896,0.8968435525894165
17.701,22.887192097336516,7.64756644572464,26.612311218809495,8.149849335173881,-159.05567932128906,-26.445480346679688,-0.12451089918613434,0.39343827962875366,0.7753224968910217
17.701,14.589753642652674,4.811176286733696,13.42579918831389,8.974803821471664,-186.97171020507812,-66.01799774169922,-0.1742463856935501,0.25934311747550964,1.0723741054534912
17.815,9.296097488704332,2.6898719291235915,0.5406387394762778,-2.6484432532848508,-115.59001922607422,-45.476016998291016,0.05065509304404259,0.010343983769416809,1.0950305461883545
17.815,4.928376356475591,3.6567735717112835,6.2667795863932945,-0.6164551240792379,-99.32283782958984,23.82169532775879,0.01038147322833538,0.10532805323600769,0.9590917229652405
17.930,-1.7647680560486159,3.4047378837905207,-5.041926986125721,1.604473593859969,-149.74269104003906,-4.865327835083008,-0.02843647450208664,-0.0892556756734848,1.01127028465271
17.930,-6.841039779282962,0.5868790952348797,-7.89088587564522,4.6819964348158205,-114.23123931884766,-65.56761932373047,-0.08787645399570465,-0.14780083298683167,1.0627622604370117
17.930,-16.008689584229682,1.6911924045355922,-9.85928191306568,5.87138311287147,-210.00987243652344,23.027803421020508,-0.09976445138454437,-0.16699199378490448,0.9556589126586914
18.044,-21.56543437972316,2.131802358364414,-24.773473400269182,3.0708492509155327,-124.09383392333984,9.523985862731934,-0.0648282989859581,-0.5070883631706238,1.0968613624572754
18.044,-26.669088331340088,1.2121377704680014,-25.75032408174014,3.4929282583156973,-115.7579574584961,-21.834793090820312,-0.059733446687459946,-0.4259510934352875,0.8810526728630066
18.157,-30.036337441210524,1.9924769580233206,-31.510412831358355,2.3311749727413154,-75.41444396972656,17.47818374633789,-0.04396365210413933,-0.5649047493934631,0.920415461063385
18.157,-31.02283873850839,2.257689574956919,-31.52279013523036,5.576400279698497,-22.06330108642578,4.462916851043701,-0.09636788070201874,-0.5185059309005737,0.839859127998352
18.157,-33.39483366365959,2.5183904250569014,-36.0386133694288,1.4778168662977618,-52.3839111328125,6.37131404876709,-0.025039903819561005,-0.571220874786377,0.7847054600715637
18.271,-34.22999162932831,3.14186716796859,-36.58194785577547,4.268868957950679,-17.788490295410156,13.56978702545166,-0.07744413614273071,-0.620048999786377,0.8318492770195007
18.271,-35.296754479563,3.047940327493279,-40.32301347623825,3.086081948805858,-21.788490295410156,-2.140136480331421,-0.052455078810453415,-0.6304947733879089,0.7409945130348206
18.385,-37.68930485902135,3.4151189175552936,-35.762298401495975,5.887119396104626,-54.9564323425293,7.157573699951172,-0.10413147509098053,-0.5933271050453186,0.817202627658844
18.385,-37.43123299142159,3.5552752530976015,-39.47867189139089,2.3682655077863153,6.776393890380859,3.71482515335083,-0.043235816061496735,-0.6652331948280334,0.8064465522766113
18.386,-37.83257490705154,3.3832306853112084,-41.851848105097254,1.7618082248050033,-7.215972423553467,-3.140136480331421,-0.03061998449265957,-0.6645044088363647,0.7412233948707581
18.500,-38.11487345563734,4.1817222745246,-37.774199209832965,6.071961569157747,-6.536583423614502,17.172840118408203,-0.10849849134683609,-0.6283084750175476,0.8034714460372925
18.500,-36.45360752495015,3.217177047200562,-39.93931296129597,-3.074592246194527,39.15043640136719,-18.89586067199707,0.05793346092104912,-0.6934126019477844,0.8261279463768005
18.500,-33.26631340914204,-0.4146108921140213,-35.43965354164873,2.583175077032202,73.02830505371094,-83.45311737060547,-0.050271570682525635,-0.6467708349227905,0.9073708057403564
18.615,-29.145670528157105,-3.9245058881183823,-32.73309074728917,-2.178601496261428,94.77639770507812,-80.12487030029297,0.04167844355106354,-0.5928412675857544,0.9213308691978455
18.615,-23.740398837887,-9.299895927656506,-31.569815181044014,-6.583152854237851,125.7611312866211,-122.72792053222656,0.11737344413995743,-0.5359965562820435,0.8643463850021362
18.730,-19.96742453848676,-14.220278828369066,-22.52478319816314,-11.26636339887205,86.44052124023438,-112.55235290527344,0.17535775899887085,-0.34384211897850037,0.8103370666503906
18.730,-17.649140513421248,-19.222998805752486,-20.689570509363502,-17.280155353889633,53.79166030883789,-113.94929504394531,0.27846792340278625,-0.3312099575996399,0.8316203951835632
18.730,-15.741451602763762,-24.956935783789017,-19.500016090575404,-25.646972396819258,44.845096588134766,-129.26226806640625,0.43859195709228516,-0.33825480937957764,0.8485555648803711
18.842,-14.371269551482307,-29.0983407323035,-15.768951140370111,-28.56524816386882,31.608455657958984,-93.83479309082031,0.45581743121147156,-0.25906094908714294,0.7961481213569641
18.842,-13.279156454143118,-34.125824414296446,-13.968252064351434,-31.277730096026563,24.99776840209961,-114.92639923095703,0.5201096534729004,-0.24181319773197174,0.8213220238685608
18.959,-13.241638225032238,-39.47693270444835,-13.036989838481249,-40.800638368633464,0.753493070602417,-120.31571197509766,0.6462680101394653,-0.22310788929462433,0.7146763801574707
18.959,-12.179726516655553,-43.43620212100799,-14.083860946786935,-39.70549744193754,24.87563133239746,-91.19357299804688,0.6826598644256592,-0.26003265380859375,0.7798995971679688
18.959,-10.853641874202992,-48.01083401574533,-10.572023372766957,-46.642289577023966,29.83746337890625,-104.01036834716797,0.7195369005203247,-0.18156754970550537,0.6547168493270874
19.073,-10.125209029410302,-52.89185112117652,-11.635827393134452,-53.82436925038456,17.15807342529297,-109.87296295166016,0.8025102615356445,-0.2005157768726349,0.5515040159225464
19.074,-9.51326932978041,-55.65951890494656,-10.674073477645198,-55.59326661132653,14.364179611206055,-62.57524871826172,0.8304106593132019,-0.1864260733127594,0.5373151302337646
19.074,-8.72921569325537,-59.37378260578866,-9.367345056936623,-55.98967031167144,18.01303482055664,-85.49891662597656,0.8170669674873352,-0.16043299436569214,0.5274744629859924
19.187,-8.218425118817843,-62.315852439825804,-10.413305153848757,-64.23755352233363,12.55501937866211,-65.59815216064453,0.9228459000587463,-0.1852114349603653,0.4050379693508148
19.187,-7.8905939679038015,-63.98187901236449,-9.830083177303697,-62.65461435916221,8.303112030029297,-38.26227569580078,0.8789330720901489,-0.1689354032278061,0.4219731092453003
19.301,-7.151932061055372,-66.526315723491,-9.617894058747401,-62.870810271577355,17.8298282623291,-59.18593978881836,0.8520031571388245,-0.15994714200496674,0.4061822295188904
19.301,-6.61430908846345,-67.5001914161081,-9.94351122812544,-69.67978479103628,13.684791564941406,-21.002731323242188,0.9543854594230652,-0.17573732137680054,0.30663108825683594
19.301,-6.483826862106819,-69.02343971423683,-10.099265733370432,-67.99787369526942,4.616088390350342,-34.8958625793457,0.9458940625190735,-0.17889536917209625,0.33775511384010315
19.420,-6.454659819916749,-70.44393464649188,-10.664839995793857,-68.28999475785932,2.6008212566375732,-33.094337463378906,0.9432253241539001,-0.1878836303949356,0.3251681923866272
19.420,-6.292643890822639,-70.10526654668598,-10.97810185695904,-68.76526969533867,5.822195053100586,7.035435676574707,0.904164731502533,-0.1847255825996399,0.29885008931159973
19.534,-6.287967345675296,-71.65604050716986,-11.00298968775374,-69.6951503834082,2.2802107334136963,-35.94929885864258,0.9471071362495422,-0.19274215400218964,0.2926710546016693
19.534,-6.36187767645765,-70.9383037386174,-10.342788802167789,-71.92915547521622,0.16570687294006348,16.67665672302246,0.9485628008842468,-0.17913828790187836,0.25239288806915283
19.534,-6.294479077275256,-71.11941986483863,-10.65064655887837,-68.9479737728945,3.532119035720825,-5.094335556030273,0.9560837745666504,-0.18934118747711182,0.3155563771724701
19.654,-6.286886468239141,-70.85789875170802,-10.709933744504292,-69.90472689758302,2.211508274078369,5.470550537109375,0.9347338676452637,-0.1849685162305832,0.28763628005981445
19.654,-6.171312410406532,-70.19625149661971,-11.560264925713328,-69.73210057374084,5.0970048904418945,14.737725257873535,0.953415036201477,-0.2036738097667694,0.28717857599258423
19.654,-6.514253647311934,-69.63517877705985,-9.973002889371463,-71.21765167577001,-6.154903888702393,13.409481048583984,0.9633620977401733,-0.17622317373752594,0.27619361877441406
19.767,-6.637181257559708,-69.15153991212041,-11.430970626069826,-66.83220289026127,-0.5671176910400391,9.85986328125,0.9718535542488098,-0.20950403809547424,0.35926732420921326
19.767,-6.74500689266576,-68.12258557403634,-9.805673886076923,-66.45970085145197,-1.0251328945159912,22.48581886291504,0.904164731502533,-0.16796369850635529,0.3562922477722168
19.880,-6.766933507448793,-67.13725565418113,-10.451699793736385,-66.93348212906312,1.2038748264312744,22.172842025756836,0.9233311414718628,-0.18205340206623077,0.3485112190246582
19.881,-6.685272619505767,-64.86141613216536,-10.193610125105149,-67.84519458935463,3.463416814804077,52.806427001953125,0.951474130153656,-0.18181048333644867,0.34210333228111267
19.881,-6.603763276384951,-60.59144824045102,-8.84504532291127,-64.76099161018882,2.8756306171417236,98.4171142578125,0.8951880931854248,-0.1521735042333603,0.39359530806541443
19.996,-5.610603398419968,-54.108328302923304,-10.817395563405416,-56.92409402518626,24.845096588134766,147.8064422607422,0.8692286014556885,-0.19468554854393005,0.5315937995910645
19.996,-5.134087993898035,-47.5537065300693,-6.160950668643922,-60.5706225877503,11.242042541503906,154.12704467773438,0.8209487795829773,-0.10115904361009598,0.45195290446281433
20.111,-5.289313434296684,-37.662923253352176,-11.086368030325875,-43.14351520597593,-0.8342931270599365,226.04307556152344,0.700127899646759,-0.19687189161777496,0.7206265926361084
20.111,-6.5583711198215155,-28.573182854946854,-8.985017169897954,-35.96378140567966,-27.55948257446289,208.8217010498047,0.5091921091079712,-0.1354116052389145,0.6885871291160583
20.112,-8.098630430964988,-22.171024564745878,-12.492651585816882,-25.37858811548655,-32.780860900878906,146.15757751464844,0.4805638790130615,-0.24254196882247925,0.9835789799690247
20.227,-8.330011626835633,-14.019847780948687,-9.731704760981398,-11.487730512449362,-4.5823845863342285,183.0354461669922,0.19646501541137695,-0.16674906015396118,0.9522261023521423
20.227,-8.158557656969034,-6.093351350559537,-15.211632178764871,-13.651310392165351,7.127538681030273,182.6156005859375,0.2389221489429474,-0.2656199336051941,0.9471913576126099
20.227,-7.511839487859085,2.1394596407542332,-10.75882738259842,3.4577999764410707,16.112272262573242,185.4400177001953,-0.05803516134619713,-0.17962414026260376,0.9435296654701233
20.343,-7.127139328141872,9.118217164602397,-13.97712575652203,0.1002032879262434,11.852729797363281,161.8675079345703,-0.0017491354374215007,-0.24157027900218964,0.9705343842506409
20.343,-5.000437413540165,15.670853059955217,-9.466995568445546,14.027003669787776,50.119903564453125,148.83697509765625,-0.2693503499031067,-0.18278218805789948,1.0625333786010742
20.458,-4.095501808423767,20.233226472679682,-10.397651720672616,16.769626959855053,23.35654640197754,104.69955444335938,-0.2875462770462036,-0.17986707389354706,0.9371217489242554
20.458,-2.904372525903961,23.559530306023184,-8.540404052067727,20.091862882732656,29.5168514251709,76.76825714111328,-0.3312164545059204,-0.14318524301052094,0.8940973281860352
20.458,-2.0288878427150125,27.65871785527782,-7.572722271512743,25.13504995904996,22.341279983520508,93.79878997802734,-0.4270482659339905,-0.13249650597572327,0.9005052447319031
20.572,-1.232022265410907,29.297386105096013,-6.721939200503794,24.48813983389857,20.539752960205078,39.249176025390625,-0.4270482659339905,-0.1205931231379509,0.929798424243927
20.572,-0.11708084825632395,31.516613604176122,-4.934542528684926,30.674624344402652,27.41761589050293,50.53925323486328,-0.54665607213974,-0.09217078238725662,0.9169826507568359
20.683,1.1370544614174034,31.642326650944792,-5.382601010399728,28.092422653751942,31.348913192749023,4.478183746337891,-0.46756452322006226,-0.09314248710870743,0.8709831833839417
20.684,1.6309024314535954,32.58764190754748,-2.1549732781956945,32.30370870957079,12.906164169311523,21.493452072143555,-0.5745564699172974,-0.040427546948194504,0.9078285098075867
20.684,3.1927200607734507,33.688378118713814,-3.713402508926569,31.567779147822556,38.47868347167969,25.852230072021484,-0.5427742600440979,-0.06714940816164017,0.8808238506317139
20.795,4.286782536790444,34.37957277215159,-0.3110451025642192,33.51239425029394,26.845096588134766,16.02016830444336,-0.5291879773139954,-0.0052032796666026115,0.799123227596283
20.795,4.810111204109997,35.247064853351155,1.4425626634931266,35.68526012498424,13.379447937011719,19.4018497467041,-0.611190915107727,0.026377100497484207,0.8506152033805847
20.907,5.119706176826927,35.45226422658585,-0.7262245341510913,31.940496446224703,9.692424774169922,6.256810188293457,-0.511234700679779,-0.012248133309185505,0.8199489116668701
20.907,5.0213595636283825,35.942623997668576,2.1272451915848802,37.94549646178614,-0.887728214263916,10.157573699951172,-0.6502514481544495,0.039252180606126785,0.8329935073852539
20.907,5.354708226731325,35.993614774917305,-0.3866032110409896,34.37659964982204,10.180974006652832,1.8980313539505005,-0.5777103900909424,-0.0069037615321576595,0.8444361686706543
21.023,5.370581586362435,35.22008560612961,-1.0965222901925653,32.19781946680181,3.3412792682647705,-16.086700439453125,-0.5371941924095154,-0.019292987883090973,0.8529037237167358
21.023,6.0919272561175895,35.33186848208604,0.12915504169425795,34.77380031232176,19.05120277404785,2.783527374267578,-0.5888705849647522,0.002327426103875041,0.8480978012084961
21.023,6.681684208870572,34.81067382199529,1.2062961115054305,34.23841199421733,15.852729797363281,-11.514183044433594,-0.5815922021865845,0.02176150493323803,0.8542768955230713
21.138,7.572063827092026,34.44738630532606,-0.43525927302845213,32.194145474016295,23.81456184387207,-7.170671463012695,-0.5182704329490662,-0.007389613892883062,0.8231528401374817
21.138,7.619542179560077,33.276292315519434,4.968726968571995,37.93527831924831,2.295477867126465,-28.613418579101562,-0.6458844542503357,0.0909954160451889,0.8236105442047119
21.254,7.927211465817886,31.5195335100463,2.2513374972295797,31.30091271525935,9.570287704467773,-39.59815216064453,-0.5255488157272339,0.03973803296685219,0.8634309768676758
21.254,7.658281304985097,28.57423641162633,-1.0786768546983,20.843829870529415,-2.0480337142944336,-62.99510192871094,-0.3554776906967163,-0.01880713552236557,0.9334600567817688
21.254,7.386560158102711,24.578799435864187,2.336440410186755,25.213178117496593,-3.811392307281494,-90.5828857421875,-0.43553969264030457,0.0416814386844635,0.9240770936012268
21.368,9.271123755777827,21.573070531215233,-0.7870424546387981,25.33442069824515,47.22677230834961,-69.65922546386719,-0.44209024310112,-0.014191541820764542,0.9336889386177063
21.368,10.400451992583475,17.783826721212023,3.7389513747424483,20.56023664326498,28.59318733215332,-86.9111328125,-0.3343704342842102,0.062087222933769226,0.8892914056777954
21.483,10.282352045418431,15.364612990781234,5.526512612269184,18.684212568136406,-0.47551465034484863,-56.20120620727539,-0.32369548082351685,0.09731148928403854,0.9522261023521423
21.483,11.5354689231941,12.31742569164395,3.7229845107485384,15.735541440969998,31.921432495117188,-70.43785095214844,-0.29482463002204895,0.07058963179588318,1.0439962148666382
21.483,12.226981180428286,8.826661148370293,6.689269375262055,5.422744235327192,18.18097496032715,-77.31571197509766,-0.09491220861673355,0.11698849499225616,0.9929620027542114
21.599,13.984712434084496,7.172410675734362,5.642276797004872,9.47352689914214,43.57028579711914,-38.44548034667969,-0.16575495898723602,0.09901197254657745,0.9883849024772644
21.599,15.268817880124512,4.22636396405298,11.439435026768436,4.526330439729239,30.784027099609375,-66.71265411376953,-0.07477539777755737,0.1879228949546814,0.925679087638855
21.599,14.921634241970887,2.2894864534208557,10.262197547131533,3.985308371811995,-5.696888446807861,-44.55235290527344,-0.06288740038871765,0.16120103001594543,0.8881471753120422
21.714,13.40031803360362,-0.6458311516523473,9.783968833372692,-0.7701161201360285,-32.712158203125,-66.27754211425781,0.012807594612240791,0.16192980110645294,0.938952624797821
21.714,11.600776630716823,-3.3361721760337013,4.714467779001149,-6.6149073682011315,-37.49078369140625,-59.28517532348633,0.11834388971328735,0.08443641662597656,1.0169916152954102
21.828,11.562000793025014,-5.057449856315907,5.4460488945884205,-4.962887613318051,1.9443328380584717,-38.94166564941406,0.08316512405872345,0.0912383422255516,0.9533703923225403
21.828,11.489740806700866,-4.441206283735261,5.288979817501994,-9.743189885415497,1.2267755270004272,16.371313095092773,0.1554635465145111,0.08467934280633926,0.9014206528663635
21.828,9.88936088982247,-4.868703981904952,5.313621715075635,-11.095551223911214,-34.055667877197266,-6.788991928100586,0.1976780742406845,0.09512516111135483,1.0034892559051514
21.941,9.393215094739096,-4.487098751655401,3.8071109851775424,-2.698541767389352,-8.635820388793945,7.798794746398926,0.047986362129449844,0.06767451763153076,1.0158473253250122
21.941,10.607718351815745,-2.831410310755769,0.27417492522440656,-9.934945963389522,32.211509704589844,40.691925048828125,0.16274191439151764,0.004513760097324848,0.929111897945404
22.053,10.667122214574638,-1.8004570751224018,5.919226811623203,-6.494970362900723,3.532119035720825,25.46291732788086,0.10087581723928452,0.09196712076663971,0.8812815546989441
22.053,8.5564904544295,-1.6676940991915155,3.9386615743768734,-4.888904864830158,-45.56711959838867,4.4858174324035645,0.07612936943769455,0.06135844439268112,0.8879182934761047
22.053,7.139090024755278,-8.353612491738966,3.5678760765057937,15.323274417568744,-30.383909225463867,-162.01036071777344,-0.3802241384983063,0.0895378589630127,1.384758710861206
22.168,7.264269889881864,-7.645564346524179,-2.039670266720308,-12.222022639726635,7.119905471801758,18.111772537231445,0.18700313568115234,-0.03143928572535515,0.8627444505691528
22.169,-0.7636845183161834,-7.675938197763226,9.870204275201433,-25.29643780672771,-186.32284545898438,7.44001579284668,0.17535775899887085,0.07034670561552048,0.3643020987510681
22.169,-4.814075275149543,2.1748344711261987,-31.866951830324805,-9.404247876833043,-79.0556640625,227.95147705078125,0.2663373053073883,-0.8605456948280334,1.358440637588501
22.284,-5.36837671592099,-3.1380151547201143,-6.670245924929381,5.572887471460318,-11.925895690917969,-124.07907104492188,-0.13494321703910828,-0.16140469908714294,1.3735449314117432
22.284,-8.20662938212123,-6.069426478557452,-25.73558526330712,-17.039215489018574,-56.055667877197266,-61.185935974121094,0.2389221489429474,-0.35404500365257263,0.694537341594696
22.399,-12.953505841121604,-3.015115719002667,-21.979081677395296,-7.181326608146979,-103.10910034179688,70.94383239746094,0.09626618027687073,-0.2882120609283447,0.7075819373130798
22.399,-14.589562397355914,7.033098722328197,-29.884607853245804,-8.294982426754949,-29.91826057434082,234.14231872558594,0.14964085817337036,-0.5168054103851318,0.8867740035057068
22.399,-8.28767469926531,2.25571351585267,-29.70072069942796,4.878486034105081,152.287841796875,-109.17066955566406,-0.11747514456510544,-0.6844243407249451,1.1941239833831787
22.515,2.3123904255854355,7.192254082820542,-27.05787741002487,-22.01495601553207,253.08937072753906,125.02780151367188,0.17584297060966492,-0.21339085698127747,0.37894871830940247
22.515,0.2587810333346795,5.62879475350065,17.46975625169724,-34.59375315586281,-54.34574508666992,-16.781356811523438,0.0664248839020729,0.03512243926525116,0.08967824280261993
22.631,0.27562033112481704,5.601687440232163,0.8738592032888527,1.0517253387275034,0.10463809967041016,1.485817551612854,-0.018004151061177254,0.014959577471017838,0.9806039333343506
22.631,0.2820599188516697,5.601593525131075,0.7679586127185768,1.9283681478518426,-0.0785679817199707,1.6919244527816772,-0.03328871726989746,0.013259096071124077,0.9886137843132019
22.631,0.2863316418885573,5.543966365330031,0.6163463879118698,2.461341303375988,-0.05566716194152832,0.11940526962280273,-0.043235816061496735,0.010829836130142212,1.0057777166366577
22.745,0.298964023397643,5.476212169423974,0.8400308871136385,2.4270069547551514,0.03593587875366211,-0.12486934661865234,-0.04250798001885414,0.01471665222197771,1.0028026103973389
22.745,0.3116775134031226,5.412129627083622,0.674648316541851,2.278002800770621,0.11990523338317871,-0.0027320384979248047,-0.0398392453789711,0.011801539920270443,1.001429557800293
22.745,0.33193065179822356,5.356764540558322,1.064344903423451,2.3353237138809804,0.11990523338317871,0.14230608940124512,-0.040809694677591324,0.01860346831381321,1.0005141496658325
22.858,0.345699459391323,5.307164987466158,0.8927958879633481,2.1709644614360846,0.05883669853210449,0.325512170791626,-0.03814096003770828,0.015688356012105942,1.0060065984725952
22.858,0.3643663930733943,5.246188046764046,1.019055219244087,2.479394912684098,0.11990523338317871,-0.10196876525878906,-0.043478429317474365,0.017874689772725105,1.0039469003677368
22.973,0.3707415475703814,5.188513502525636,0.6383082022475673,2.451141664479713,0.020668745040893555,-0.04089999198913574,-0.04250798001885414,0.011072762310504913,0.9929620027542114
22.973,0.3901555598733493,5.130540991284683,1.1311073255911581,2.163401649789333,0.09700465202331543,0.058336734771728516,-0.03789835050702095,0.019818097352981567,1.0030314922332764
22.973,0.3941811826567049,5.068154897179433,0.6459337153075028,2.0668137870822125,-0.02513289451599121,-0.025632858276367188,-0.03620006516575813,0.01131568755954504,1.0030314922332764
23.087,0.4042879949984726,5.015410041974478,0.9540159155484959,2.6850923722702653,-0.02513289451599121,-0.11723589897155762,-0.046875,0.016660060733556747,0.9993698596954346
23.087,0.4096151957055388,4.9598020568468195,0.758248172108408,2.3899050837901146,-0.040400028228759766,-0.07143425941467285,-0.04178014397621155,0.013259096071124077,1.000971794128418
23.203,0.4225287889093586,4.908101366811231,1.0932380844648837,2.198618698706495,-0.017499208450317383,0.0812373161315918,-0.03838357329368591,0.019089320674538612,0.9995987415313721
23.203,0.440209480627877,4.861908370567612,1.1789890489969337,2.356097765845741,0.05883669853210449,0.11177182197570801,-0.041052307933568954,0.02054687589406967,0.9975390434265137
23.203,0.447149913319962,4.801056080817853,0.775520000220838,2.0238538430982014,0.005401611328125,-0.09433507919311523,-0.03522961586713791,0.013502022251486778,0.996852457523346
23.317,0.4606586401160721,4.749915893181028,0.9122505724860082,2.4486088651503386,0.09700465202331543,-0.09433507919311523,-0.04275059327483177,0.015931282192468643,0.9995987415313721
23.317,0.46791667660456265,4.6967232336986156,0.8449511855876393,1.897608271417763,-0.009865760803222656,0.08887100219726562,-0.03304610773921013,0.01471665222197771,0.997310221195221
23.432,0.4750208203933164,4.657653270985674,0.9438277787019019,2.318798465306574,-0.05566716194152832,0.1957411766052246,-0.04032447189092636,0.016417134553194046,0.9957082271575928
23.432,0.4811556109284572,4.620637487665612,0.9852194213445734,2.6803842458819296,-0.09383511543273926,0.058336734771728516,-0.04663238674402237,0.017145911231637,0.9959370493888855
23.432,0.4890552583121059,4.5787428148440465,0.8975314901872788,2.4325145060473066,-0.009865760803222656,0.04306936264038086,-0.04250798001885414,0.015688356012105942,1.0005141496658325
23.547,0.4960414746159711,4.529039528253864,0.9094146067225649,1.9836472854534406,-0.03276634216308594,0.05070304870605469,-0.034744393080472946,0.015931282192468643,1.0030314922332764
23.547,0.5029597625541065,4.4894154664445045,0.9130036791967107,2.2558216227169887,-0.03276634216308594,0.1346726417541504,-0.03935402259230614,0.015931282192468643,0.9989121556282043
23.547,0.5085223113028472,4.455783614971361,0.73627039190854,2.5488910331925103,0.020668745040893555,0.11940526962280273,-0.04420626536011696,0.012773243710398674,0.9929620027542114
23.663,0.5180345236608535,4.419423102924799,1.005524483513243,2.6602245267872955,-0.009865760803222656,-0.010365724563598633,-0.04663238674402237,0.017631763592362404,1.0034892559051514
23.663,0.5258572246946337,4.3711067716229515,0.9802152739617416,2.125386348962846,-0.03276634216308594,-0.0561671257019043,-0.03717051446437836,0.017145911231637,1.001429557800293
23.781,0.5355446207326803,4.33172688907642,1.0316191075696628,2.341812541473772,-0.009865760803222656,0.027802228927612305,-0.04056708514690399,0.017874689772725105,0.9918177127838135
23.781,0.5514886301330173,4.30042541277072,1.0065505073612775,2.524304914287412,0.15043973922729492,0.11177182197570801,-0.04420626536011696,0.017631763592362404,1.002573847770691
23.781,0.5666121630593065,4.265907771139592,1.2297447321776178,2.2494104348984383,0.03593587875366211,0.14993977546691895,-0.03935402259230614,0.021518580615520477,1.0016584396362305
23.895,0.5725590166705662,4.227607485368745,0.7032763309436595,2.4892347154920804,0.07410383224487305,-0.06380081176757812,-0.043478429317474365,0.012287392280995846,1.0000563859939575
23.895,0.5776837929821913,4.196690634090682,0.7839798354176379,2.522158352767365,0.020668745040893555,0.07360386848449707,-0.04420626536011696,0.013744947500526905,1.0034892559051514
23.895,0.5856430444385189,4.157180551063098,0.8149742008136437,2.309863101721093,0.07410383224487305,-0.04089999198913574,-0.04032447189092636,0.014230799861252308,0.9995987415313721
24.008,0.5872691630695108,4.129129817915501,0.6883434698690599,2.3467466628410967,-0.009865760803222656,0.18810772895812988,-0.041052307933568954,0.012044466100633144,1.0016584396362305
24.008,0.5880300888317326,4.100206954988259,0.8287748393425561,2.4902999440669977,-0.09383511543273926,0.08887100219726562,-0.043478429317474365,0.01447372604161501,0.9995987415313721
24.122,0.5929236525677823,4.0637316103862755,1.135483151550841,2.1995933285010247,-0.13963675498962402,0.03543591499328613,-0.03838357329368591,0.019818097352981567,0.9991410374641418
24.122,0.6005909134370918,4.037950634477239,0.9480221173233999,2.2674960942675355,0.013035058975219727,0.23390913009643555,-0.0398392453789711,0.016660060733556747,1.0060065984725952
24.122,0.608946902834662,4.009310370626907,0.7583992048307315,2.098748149676316,0.11990523338317871,0.23390913009643555,-0.036685287952423096,0.013259096071124077,1.000971794128418
24.236,0.6121698983492617,3.976356842315711,0.7252811401838671,2.1523656179629342,0.020668745040893555,0.09650468826293945,-0.03789835050702095,0.012773243710398674,1.0082951784133911
24.237,0.6164004001272912,3.9416710072762706,0.894743529599323,2.31417058570652,-0.03276634216308594,-0.033266305923461914,-0.04056708514690399,0.015688356012105942,1.0037181377410889
24.351,0.6244651993506367,3.9033476696169753,0.9417217968986638,2.230059754799157,0.03593587875366211,-0.09433507919311523,-0.038868799805641174,0.016417134553194046,0.9979967474937439
24.351,0.6302009040670078,3.871305971559976,0.9988498175733705,2.191316712879104,-0.040400028228759766,0.05070304870605469,-0.03814096003770828,0.017388837411999702,0.9966236352920532
24.351,0.6382371018732038,3.842364752499339,0.7389143508951639,2.74465523420548,0.13517260551452637,-0.14777016639709473,-0.04833067208528519,0.013016169890761375,1.0080662965774536
24.465,0.6489685563589104,3.8056746838253233,1.163100014388013,2.129635511331396,0.005401611328125,-0.0561671257019043,-0.03717051446437836,0.02030394971370697,0.9993698596954346
24.465,0.6556018973426092,3.7875879160163066,1.0847861514157902,2.5265580401269414,-0.048033714294433594,0.17284035682678223,-0.04444887861609459,0.019089320674538612,1.0071508884429932
24.582,0.6599301028422817,3.7562096000824448,0.9099541217350853,2.4563111845465464,-0.017499208450317383,-0.10960221290588379,-0.0429932065308094,0.015931282192468643,1.002116084098816
24.582,0.6643465671926354,3.7414128490192584,0.9517993935498841,2.442995211818768,-0.03276634216308594,0.26444363594055176,-0.04275059327483177,0.016660060733556747,1.0018872022628784
24.582,0.6647895156324813,3.7145569720895915,0.5920241271837553,2.239019391388069,0.043569326400756836,0.07360386848449707,-0.039111409336328506,0.010343983769416809,1.000285267829895
24.698,0.6776352338314241,3.690244486852108,0.9808778134220332,2.1407115234180782,0.15043973922729492,0.1652069091796875,-0.03741312399506569,0.017145911231637,1.00074303150177
24.698,0.688201963364257,3.670677275540491,0.9790842531784245,2.469542449899256,0.10463809967041016,0.11177182197570801,-0.043235816061496735,0.017145911231637,1.0023449659347534
24.698,0.6913371802758514,3.65878890440326,0.8994598516065261,2.618738063247162,-0.02513289451599121,0.21100831031799316,-0.045661937445402145,0.015688356012105942,0.9982256293296814
24.814,0.6971069292163669,3.63018449904607,0.8853499720467213,2.284145905713636,0.043569326400756836,-0.025632858276367188,-0.0398392453789711,0.01544542983174324,0.9986833333969116
24.814,0.7009112378623582,3.6224505904715,0.8094031233612972,2.9018297277591167,0.03593587875366211,0.15757322311401367,-0.05099940672516823,0.014230799861252308,1.0060065984725952
24.930,0.7055316473924602,3.5982930651508114,0.9698759653357072,2.4536179668443587,-0.017499208450317383,-0.01799917221069336,-0.04275059327483177,0.0169029850512743,0.9975390434265137
24.930,0.7186846707432007,3.5779926757204756,1.3514716642885989,2.3409206448144397,0.005401611328125,0.11177182197570801,-0.041052307933568954,0.02370491437613964,1.0039469003677368
24.930,0.7188941654516497,3.5487114413052194,0.8167614755477985,2.119849054335755,-0.040400028228759766,-0.0027320384979248047,-0.036927901208400726,0.014230799861252308,0.9975390434265137
25.048,0.7302840395011749,3.5251056672034204,1.0118498801304308,2.2419406757484936,0.12753891944885254,0.058336734771728516,-0.03959663584828377,0.017874689772725105,1.01127028465271
25.048,0.74046390285055,3.489239276654626,1.2441183140990126,2.3335765400134556,-0.002232074737548828,-0.2775411605834961,-0.040809694677591324,0.02176150493323803,1.0012006759643555
25.048,0.7482211301178333,3.4661733009406697,1.066959922681271,2.4246183946293636,0.02830219268798828,-0.04089999198913574,-0.04226537048816681,0.01860346831381321,0.9979967474937439
25.163,0.7585735091046041,3.442511177778218,1.1879191838021435,2.4710624958298197,0.03593587875366211,-0.08670163154602051,-0.043235816061496735,0.020789802074432373,1.0016584396362305
25.163,0.7656477174548861,3.4304797995552407,0.9847088660057621,2.135133283231376,0.05883669853210449,0.325512170791626,-0.03717051446437836,0.017145911231637,0.996852457523346
25.279,0.7713644257076282,3.416862963671174,0.9404608435484806,2.0438362460124373,0.051203012466430664,0.325512170791626,-0.03620006516575813,0.016660060733556747,1.0142453908920288
25.279,0.7792238390081972,3.403539825921418,1.2022804662702407,2.541449825932434,-0.017499208450317383,0.09650468826293945,-0.04444887861609459,0.021032728254795074,1.0012006759643555
25.279,0.7788721376267944,3.3887701821715,0.7168233533517118,2.2240725029394857,0.020668745040893555,0.20337486267089844,-0.038868799805641174,0.012530317530035973,1.00074303150177
